-- MySQL dump 10.13  Distrib 8.0.41, for Win64 (x86_64)
--
-- Host: localhost    Database: clinic
-- ------------------------------------------------------
-- Server version	8.0.41

/*!40101 SET @OLD_CHARACTER_SET_CLIENT=@@CHARACTER_SET_CLIENT */;
/*!40101 SET @OLD_CHARACTER_SET_RESULTS=@@CHARACTER_SET_RESULTS */;
/*!40101 SET @OLD_COLLATION_CONNECTION=@@COLLATION_CONNECTION */;
/*!50503 SET NAMES utf8 */;
/*!40103 SET @OLD_TIME_ZONE=@@TIME_ZONE */;
/*!40103 SET TIME_ZONE='+00:00' */;
/*!40014 SET @OLD_UNIQUE_CHECKS=@@UNIQUE_CHECKS, UNIQUE_CHECKS=0 */;
/*!40014 SET @OLD_FOREIGN_KEY_CHECKS=@@FOREIGN_KEY_CHECKS, FOREIGN_KEY_CHECKS=0 */;
/*!40101 SET @OLD_SQL_MODE=@@SQL_MODE, SQL_MODE='NO_AUTO_VALUE_ON_ZERO' */;
/*!40111 SET @OLD_SQL_NOTES=@@SQL_NOTES, SQL_NOTES=0 */;

--
-- Table structure for table `appointmentdetails_tbl`
--

DROP DATABASE IF EXISTS clinic;
CREATE DATABASE clinic;
USE clinic;
DROP TABLE IF EXISTS `appointmentdetails_tbl`;
/*!40101 SET @saved_cs_client     = @@character_set_client */;
/*!50503 SET character_set_client = utf8mb4 */;
CREATE TABLE `appointmentdetails_tbl` (
  `AppointmentDetailNo` bigint NOT NULL,
  `diagnosis` varchar(200) DEFAULT NULL,
  `Prescription` varchar(200) DEFAULT NULL,
  `subtotal` decimal(10,2) NOT NULL,
  PRIMARY KEY (`AppointmentDetailNo`)
) ENGINE=InnoDB DEFAULT CHARSET=utf8mb4 COLLATE=utf8mb4_0900_ai_ci;
/*!40101 SET character_set_client = @saved_cs_client */;

--
-- Dumping data for table `appointmentdetails_tbl`
--

LOCK TABLES `appointmentdetails_tbl` WRITE;
/*!40000 ALTER TABLE `appointmentdetails_tbl` DISABLE KEYS */;
INSERT INTO `appointmentdetails_tbl` VALUES (1,NULL,NULL,1000.00),(2,NULL,NULL,2500.00),(3,NULL,NULL,2000.00),(4,NULL,NULL,1500.00),(5,NULL,NULL,1800.00),(6,NULL,NULL,3500.00),(7,NULL,NULL,2500.00);
/*!40000 ALTER TABLE `appointmentdetails_tbl` ENABLE KEYS */;
UNLOCK TABLES;

--
-- Table structure for table `appointmentpenalty_tbl`
--

DROP TABLE IF EXISTS `appointmentpenalty_tbl`;
/*!40101 SET @saved_cs_client     = @@character_set_client */;
/*!50503 SET character_set_client = utf8mb4 */;
CREATE TABLE `appointmentpenalty_tbl` (
  `AppointmentDetailNo` bigint NOT NULL,
  `PenaltyType` varchar(45) NOT NULL,
  `Amount` decimal(10,2) NOT NULL,
  `Reason` varchar(100) NOT NULL,
  `DateIssued` datetime NOT NULL,
  KEY `fk_idx` (`AppointmentDetailNo`),
  CONSTRAINT `fk` FOREIGN KEY (`AppointmentDetailNo`) REFERENCES `appointmentdetails_tbl` (`AppointmentDetailNo`) ON UPDATE CASCADE
) ENGINE=InnoDB DEFAULT CHARSET=utf8mb3;
/*!40101 SET character_set_client = @saved_cs_client */;

--
-- Dumping data for table `appointmentpenalty_tbl`
--

LOCK TABLES `appointmentpenalty_tbl` WRITE;
/*!40000 ALTER TABLE `appointmentpenalty_tbl` DISABLE KEYS */;
/*!40000 ALTER TABLE `appointmentpenalty_tbl` ENABLE KEYS */;
UNLOCK TABLES;

--
-- Table structure for table `appointmentrecord_tbl`
--

DROP TABLE IF EXISTS `appointmentrecord_tbl`;
/*!40101 SET @saved_cs_client     = @@character_set_client */;
/*!50503 SET character_set_client = utf8mb4 */;
CREATE TABLE `appointmentrecord_tbl` (
  `AppointmentRecordNo` bigint NOT NULL AUTO_INCREMENT,
  `patientid` varchar(100) NOT NULL,
  `staffid` bigint NOT NULL,
  `DiscountType` varchar(100) NOT NULL,
  `BookingDate` datetime NOT NULL,
  `TotalWithDiscount` decimal(10,2) NOT NULL,
  PRIMARY KEY (`AppointmentRecordNo`),
  KEY `a_idx` (`patientid`),
  KEY `b_idx` (`staffid`),
  KEY `asd_idx` (`DiscountType`),
  CONSTRAINT `b` FOREIGN KEY (`staffid`) REFERENCES `staff_tbl` (`StaffID`) ON UPDATE CASCADE,
  CONSTRAINT `dad` FOREIGN KEY (`DiscountType`) REFERENCES `discount_tbl` (`DiscountType`) ON UPDATE CASCADE,
  CONSTRAINT `PAITNETID` FOREIGN KEY (`patientid`) REFERENCES `patient_tbl` (`patientId`)
) ENGINE=InnoDB AUTO_INCREMENT=5 DEFAULT CHARSET=utf8mb4 COLLATE=utf8mb4_0900_ai_ci;
/*!40101 SET character_set_client = @saved_cs_client */;

--
-- Dumping data for table `appointmentrecord_tbl`
--

LOCK TABLES `appointmentrecord_tbl` WRITE;
/*!40000 ALTER TABLE `appointmentrecord_tbl` DISABLE KEYS */;
INSERT INTO `appointmentrecord_tbl` VALUES (1,'P2025-000001',2,'PagIbig','2025-04-10 00:00:00',2800.00),(2,'P2025-000002',2,'PhilHealth ','2025-04-25 00:00:00',2800.00),(3,'P2025-000003',2,'PWD','2025-05-24 10:07:31',1260.00),(4,'P2025-000004',2,'PhilHealth ','2025-05-24 10:12:46',4800.00);
/*!40000 ALTER TABLE `appointmentrecord_tbl` ENABLE KEYS */;
UNLOCK TABLES;

--
-- Table structure for table `discount_tbl`
--

DROP TABLE IF EXISTS `discount_tbl`;
/*!40101 SET @saved_cs_client     = @@character_set_client */;
/*!50503 SET character_set_client = utf8mb4 */;
CREATE TABLE `discount_tbl` (
  `DiscountType` varchar(100) NOT NULL,
  `DiscountRate` decimal(4,3) NOT NULL,
  `DiscountDescription` varchar(200) NOT NULL,
  PRIMARY KEY (`DiscountType`),
  CONSTRAINT `discount_tbl_chk_1` CHECK ((`discountRate` < 1))
) ENGINE=InnoDB DEFAULT CHARSET=utf8mb4 COLLATE=utf8mb4_0900_ai_ci;
/*!40101 SET character_set_client = @saved_cs_client */;

--
-- Dumping data for table `discount_tbl`
--

LOCK TABLES `discount_tbl` WRITE;
/*!40000 ALTER TABLE `discount_tbl` DISABLE KEYS */;
INSERT INTO `discount_tbl` VALUES ('No Discount',0.000,'No Discount'),('PagIbig',0.200,'Pag-Ibig Membership'),('PhilHealth ',0.200,'Healthcare services provided to members of the Philippine Health Insurance Corporation (PhilHealth).'),('PWD',0.300,'Person With Disablities'),('Senior Citizen',0.400,'Senior Citizen 65 AGE ABOVE');
/*!40000 ALTER TABLE `discount_tbl` ENABLE KEYS */;
UNLOCK TABLES;

--
-- Table structure for table `doctor_operation_mm_tbl`
--

DROP TABLE IF EXISTS `doctor_operation_mm_tbl`;
/*!40101 SET @saved_cs_client     = @@character_set_client */;
/*!50503 SET character_set_client = utf8mb4 */;
CREATE TABLE `doctor_operation_mm_tbl` (
  `operationCode` varchar(10) NOT NULL,
  `doctorId` varchar(50) NOT NULL,
  KEY `fk_doctorid` (`doctorId`),
  KEY `fk_opera_idx` (`operationCode`),
  CONSTRAINT `fk_doctorid` FOREIGN KEY (`doctorId`) REFERENCES `doctor_tbl` (`DoctorId`) ON UPDATE CASCADE,
  CONSTRAINT `fk_opera` FOREIGN KEY (`operationCode`) REFERENCES `operation_tbl` (`operationCode`) ON UPDATE CASCADE
) ENGINE=InnoDB DEFAULT CHARSET=utf8mb4 COLLATE=utf8mb4_0900_ai_ci;
/*!40101 SET character_set_client = @saved_cs_client */;

--
-- Dumping data for table `doctor_operation_mm_tbl`
--

LOCK TABLES `doctor_operation_mm_tbl` WRITE;
/*!40000 ALTER TABLE `doctor_operation_mm_tbl` DISABLE KEYS */;
INSERT INTO `doctor_operation_mm_tbl` VALUES ('BP102','D2025-000001'),('BT101','D2025-000001'),('CK101','D2025-000002'),('EE101','D2025-000003'),('DC100','D2025-000004'),('MSB1001','D2025-000005'),('MWD102','D2025-000005'),('RCT101','D2025-000006'),('UA501','D2025-000007'),('XR301','D2025-000008'),('VCT102','D2025-000009'),('EE101','D2025-000001'),('MSB1001','D2025-000002'),('MWD102','D2025-000002'),('VCT102','D2025-000003'),('XR301','D2025-000003'),('UA501','D2025-000004'),('BP102','D2025-000004'),('CK101','D2025-000005'),('BT101','D2025-000006'),('DC100','D2025-000007'),('CK101','D2025-000007'),('MSB1001','D2025-000008'),('RCT101','D2025-000008'),('MWD102','D2025-000009');
/*!40000 ALTER TABLE `doctor_operation_mm_tbl` ENABLE KEYS */;
UNLOCK TABLES;

--
-- Table structure for table `doctor_tbl`
--

DROP TABLE IF EXISTS `doctor_tbl`;
/*!40101 SET @saved_cs_client     = @@character_set_client */;
/*!50503 SET character_set_client = utf8mb4 */;
CREATE TABLE `doctor_tbl` (
  `DoctorId` varchar(50) NOT NULL,
  `doctorFirstname` varchar(100) NOT NULL,
  `doctorMiddleName` varchar(100) NOT NULL,
  `doctorLastname` varchar(100) NOT NULL,
  `doctorAge` int NOT NULL,
  `PIN` varchar(45) NOT NULL,
  `doctordatehired` date NOT NULL,
  `doctorgender` varchar(100) NOT NULL,
  `doctoraddress` varchar(100) NOT NULL,
  `doctorcontactnumber` varchar(11) NOT NULL,
  `doctorImage` longblob,
  `doctorRFID` bigint DEFAULT NULL,
  `Active` varchar(3) NOT NULL DEFAULT 'Yes',
  PRIMARY KEY (`DoctorId`),
  UNIQUE KEY `doctorRFID_UNIQUE` (`doctorRFID`),
  CONSTRAINT `doctor_tbl_chk_1` CHECK (((length(`doctorcontactnumber`) = 11) and (`doctorcontactnumber` like _utf8mb4'09%'))),
  CONSTRAINT `doctor_tbl_chk_2` CHECK (((`doctorgender` = _utf8mb4'Male') or (`doctorgender` = _utf8mb4'Female'))),
  CONSTRAINT `doctoractive` CHECK (((`Active` = _utf8mb4'Yes') or (`Active` = _utf8mb4'No'))),
  CONSTRAINT `doctoragecheck` CHECK (((`doctorAge` > 18) and (`doctorAge` < 120)))
) ENGINE=InnoDB DEFAULT CHARSET=utf8mb4 COLLATE=utf8mb4_0900_ai_ci;
/*!40101 SET character_set_client = @saved_cs_client */;

--
-- Dumping data for table `doctor_tbl`
--

LOCK TABLES `doctor_tbl` WRITE;
/*!40000 ALTER TABLE `doctor_tbl` DISABLE KEYS */;
INSERT INTO `doctor_tbl` VALUES ('D2025-000001','Prince','Iba','Sestoso',22,'0977','2025-03-01','Male','Roxas Avenue','09771171913',0xFFD8FFE000104A46494600010101000000000000FFE201D84943435F50524F46494C45000101000001C86C636D73021000006D6E74725247422058595A2007E2000300140009000E001D616373704D53465400000000736177736374726C0000000000000000000000000000F6D6000100000000D32D68616E649D91003D4080B03D40742C819EA5228E000000000000000000000000000000000000000000000000000000000000000964657363000000F00000005F637072740000010C0000000C7774707400000118000000147258595A0000012C000000146758595A00000140000000146258595A00000154000000147254524300000168000000606754524300000168000000606254524300000168000000606465736300000000000000057552474200000000000000000000000074657874000000004343300058595A20000000000000F35400010000000116C958595A200000000000006FA0000038F20000038F58595A2000000000000062960000B789000018DA58595A2000000000000024A000000F850000B6C463757276000000000000002A0000007C00F8019C0275038304C9064E08120A180C620EF411CF14F6186A1C2E204324AC296A2E7E33EB39B33FD646574D3654765C17641D6C8675567E8D882C92369CABA78CB2DBBE99CAC7D765E477F1F9FFFFFFDB00430008050607060508070607090808090C130C0C0B0B0C1811120E131C181D1D1B181B1A1F232C251F212A211A1B2634272A2E2F3132311E25363A36303A2C303130FFDB0043010809090C0A0C170C0C1730201B203030303030303030303030303030303030303030303030303030303030303030303030303030303030303030303030303030FFC200110803C003BB03012200021101031101FFC4001B00000301010101010000000000000000000001020304050607FFDA0008010100000000FBE4C180026C100D0034868001080412810A654A494A4909CA6050C04C813524A2528914A94422104C2CA7F4806086268600012D8008544A62012101221490A54A95289200B2CA180224245012668952A49144894CCE7FA203010000C400000009880108091021214299952A3351966671B69A6BAD36C4312148A644A1C1019A4A6044C2E6FD204304039A02580D09821A000025024E4112A62738912C71C38FCFCEB3D7A6EBBFAF7D2D814924848949299522949422542CF2FD09898D02A96C40C4D20A1093400090210852A2165CFCB8AB79F27179DC996573D5D37AF57A3DDD3ADD8A84904A14A4A4504108914A832CFEFC06000086081A68189C800804E444A2719CA308E4F3FCDCA74AE6E2CB9E36AA5A957D3E8FA7D5DBD174D3402942264926654B8489225671F74D500000000000009A4340090242CF9B87873CD7372F272619CE7796790B6DB6A59E26DDFDFE9F6FA5B3D281268910A54932A49805328889FB74D80034000000000048002412B0E4E3F2FCFE682F9F1C70CB0989986E4D6F5ED8E4C16FDFEB77FB1E86BA50C404B944A4A1CC2254A5135311F68D8C10D00000000980084C2405979FE1F99CD8E2427338633CD19664D48DCBD3A67087B7A3EAFABED76EFA3A100A5A912494ACC4A4532298FB06C608620001301A0013091A4231F2BC2F1F05082673713965CF86524CD54522DA6DE9E9FB3DFEEFA3B550C480949124C933222124A17D73060D02A960080068004D26242E6F27C2F3F961CC844604659C659C4C4082879ABD02BA7D8F43D6F7FB2EDB0134A504CC8A54892524E73F5E0031C8C68010310000090853CDE478DE7F1E64A58E6999E58670D2CF38531572AA594F4D3AFD6F43E83DBDED94D0291352A5250292495339FD70030006210D03434000842238BC7F27CEE7C1399CF3C4B53863942A26122225D22A6A6F4E9EBF43DEFA7EDD2A98205002508944924A539AFAA600C01820400000009A48C7CEF1BC8E4E759E64B539C19E59651312E84A42613A9741A1D7E87B3F51EB74558C1250DA2529492864CC113F52C6396E58009A04A80000252E6F1FC5F2F9648C7285A4E99632B2CF18885557346656509D55C2D2B5E8F5BEA7E83AEE9DA0129A9443992081A9999CFEA860C400000C25521A004498FCFF0083E673232CF386592A39B1B9CE20806CBCEA25A8AAD5C3BADFB3E9FE97D4D2E9808484904A50F34E54111F50C40C6818930000134204A7C6F96F2F0163CC39776F0CA32C92CE52252A568871481F44D2BAE8F77EAFDDDEEC0049A4122952A444CC41F4A0C540801A0004D000824E2F94F071D6797933AC92BD631C6334E450D243624A2D0D3D1D27AE9E9FDAFBDBEB4D301024225252894A6227E99803013100D340200412717CFF00CFF36AF97839E7282692CE6332D54A0126A65A929545B2E969B76FD77D47569569B040848949220922627E90A100C10340340800962C3E6FC2E4D09F3F831C540A5B986A1C51534F31225CC4D0595361B6DD5EDFD9F7F45BA748400A4448A241444C7D20C13602069030100242CFC5F9FE398CF9FCEC31C5E6EA12AC5D3132D8E51913124AA8281E8EEFAFD0FAFF0053D2D6AA8A090112129252944CCFD1031521881A4300402125E77CF79D8463CBC7CB9464D4B1304EDEB77ADD5398CF0CB289C8994326B69BE8E9F5BE9FDDDF5D1D3626924848528950A63E81B4D80086872C1310224E6F9CF23933CF93939A72885611A5556B5AEDD5D9AEBA5EA28E7E6C3979A71E6E5CA5282F4BABD3A7DCFA8EFEBDEB4B04348940A494A66673FA16140039189CB6840224C7C1F13CDE75871E18CC48A968FA7B757D3DDD5B75EDA03442CB3CF3C79F9B8BCFE1E6C7022EEEEB4D7D1FA4EAF53D2E9BD0A049CA24944A52A633FA201B400310206210831F1FE7FCEE1CB1C32C725222B5E8F43D8F56E3A3B2EAC64A739A98533963CFCDC1E6F9FC5CF9468F65BDF7FA3B7A1F49EAED74144881492E6664888FA100A400C04801A12467E1F83E67167CF84460A40ADFB7E9BDADF5D0BA6D20494CCCCA5339C63CDCBC3E5F8FCB94DDD69AF4776BD5EEFD07A1B550D39109124A953319FD083068060810D00913E37CB70F173E78E4B188A92FABD1FA5F77A6DD8C1085294A99926654C619F2F178DE3F1E753A5575F4EF7E8FD1FD0F4DD03964B4A49441139C7D08C15201A004C404A3CFF94F170C39F08830910F7F57E97E83A34A7434D20994A1284942922231E7F3BC7F17863435D7A6F47D9F45F5BD3A5B64B25A2548A49888F7C1B4310C1008014BCFE6BE53971C79F2999999A5AFA1F55EF76EADBA4C7282649852A64850298CF1E7E0F1FC2E355A745EC5F4FD17D875ECE9802489424A2544FB8C60343010D26814BE1F89F279F9F3C7151264AB5EAFA9FA6EDD6A98C60908853094A8214C933318F379DE2F8DC8EEF6B7A75FAFF6BE9EB54C012429424A2263DD634D898020040299F9BF92E5C39B2CE233142D7ABDBFADF576A74149824E54A99532A05133309C6797279DE37918D4EBA2E8EAF4FEB7DFDEA980212911242899F700634D3040268125C5F19E361CB8CE10F2703BF5FECBD9E86DD534C090914C90A4822088CC4A679B97CAF0B9A20D5EFBF6FD97D1ED74C01024925330A72F7C1B10C400020125E0FC8F17372E19E5289934ECFAEFA3EBBA6DD34C246912A66525044259CA504E5CFC1E279F94A1EBAF77D87D36F743004124A2614CC7B6C2900349839010B3F95F9EE0E4E78C27369CD6FEF7D9F66B54DD3182408088849199109424A214E3C7E6793CF881AE9E97D9FBDB696989884852298951ED8C0062000400961F1BE279B873E532AD67B57A5F63EBED4DD558A814B40E662094A66652CDC40A232E7E0F2BCEE79D29EDEC7DB7A3D1AD30004484C92A267D96D88609A0134049CDF19F3FC38E393C6766B5DBEABE9B7AA29BA68B49021A9CF3724044A895092519F3F0F91E772E7AEBABF47E9BE8FB74A600082452A54CC7B2D80C004020052737C3781C3180928BDEBD4FB1F43576CA740349534A498CDA0951041132111963C7E3F9D864CE8DFD6FA0FA0ECD698000921492A223DB01A60D30108024E5F83F03931852E73DBA1FD2FD2F4DDBB754300918A645280532A6660892273CB2E4F2FCBC32737D5E9FD37BBDDAD8000824254A898F659481A068040049C5F05E27267922735D5B74FD3FB5D177554E8286254A65224092051131328CD4678F1F9BE672665CEDE8FD3FD3F5694C0004849252A23D86301A68188040A793F3FF00239319C424DF6F4FE87D6E8D2AAE8A69D005E73220102993389CF312328CF2E5F33CBC39F3B7D1EBFD6FB5D576034008494A9989F64183100002682565F9FF0083C919642377B7A9F43E9746975A50D8DB40E64484C4131330B38504E53967CDE6F97C99E175D5E97D0FD277DD8000212249539C7B4C4C1A0062010929F89F97E5C72CF21763E8F53DCF53A2EEEDB741548908100048A739999892671CE6393CFF002F85651AF47A3F57EFF5E940D218248921289F60603100304262527CA7C6F1659E10D6FAF77A9ECFA3B69776E80A7488A524A637011133139A1118CC4F2F0F91C1265AF47B3F4FED7568C6204C4484CA998F601AA00100C4094B3C7FCF7839F3E79D675E9ECF4BD9F4B4D34AD0650034A4228064A8539C467219512671970791E76336FAFE9FE8BD1DF4631000248953311EC8C4C180800104079DF9D799CD9E796D3B74F47A7EFF007697A3B0048A491214098A33519C4632B2CCABDC98E1F23CEE59BD7A7D7FAAF57AAA868001090A54C67EC8C4C06080624242E7FCF7C2E7CE39F6ADBAB4F5FDCEBBBD4510A7254C6E84DBA1499679CE38F3639C3CF37D3D9DA4E1E5F8DCD99BF4FB5F57E974D80000211249111EBB609B00069084D0A3E2FE479B9E6347B75EBEBFB7D555AE78E39463CD929B7BF45D6B54C2679F1E7E7E6E3E7CD3195BF5FA1DB587078FE7C3D3ABE8FEC77DC00000124292227D70A49B4C040008449F23F17C5CB4B5BDB5E9F73D8D34A9CF0E2E5E6E1E4C6607A7675F574F46F444E1CDCFC9C3CDCF125DBD6F4D7A3D6EE8E3F1FCA95A767D97D2EF4C04C402722524C4FAA360D0D00C1348093E77E03832CB5D3757EB7B7E86B53CD8F271F0F0F1E13888BDBABA7A3D1EDD518F371F3F3F3F3E44D235D6C3A7B7D7DB2F13C61E9DFF0063F45B0520040048912A32F5D8362000189A014AF17F3EF3B1E7ADF67BFBFEC6F47273E1CFE7F3F3E18C19C03D6F5F43D2EA463C9CB8CE5927058EB656B7F57D09F1FC15A69E8FD8FBFA800008096A426147AAC0A04310C486804BCFF81F0B9F0AD6EBBFE8BD4D57379B828E48CF0E70CF1116A7B7D1E9D671C32C1ACB246FA43AD9E95A747A6FCBF9B9BE9F63EDBD0B1B108100902879CAF54018343403402027CFF8EF9AE6CA357AFA7F47DDAE7E5F162E338C666A31E789963D3BBAB4794632F2C61EBB5BD2DEBA5E9BF4BF2FE726FBFEBBE936A1A69008041249319FACC18003126D021A53E47CA78DC31855F47A1F4DD8F9BCFE4E7C71E4C524639C45ECE9DF5F46A8CF35973F36734DE9B5F56DD5D7D5B68BCCF9CCBA3D3FB9F4EE801084009CA0998CBD800028100D0800479FF23E7F065E6ADFAFBBE97A8E6E4E1F2382FA7A34B88E6E2E78E4CFA3AB4DBABAB7CA4C31E5F3F0DBABABA6EAAB4C3957BBE8EEFCFF00979DFD7FB9EEA609A684204394A6667D46A86829021A4C10230F03C7F071F3E3A3A7D3FA6DE39F83E77CFF005FD07971E1CD8A54F3C3CCDFD0F47D0DAE09E1F3FC9AEBAA7AE9BD7576743E3F1FD5F637E1F957D1F41F5FD8000210E4044A14CE7EA36310C069A00100A72F9BF90E4E7C34EBF57E9F5E6F2BC1F17E93D43CDF379B0CF1AD87D07279BEA7D17B78617DF9FC8F073FA38E79E55B69D4FBBD5ECAE4F9FF004FD0AF9F3A7EA3E8BA001A4D09920291298CFD6183000189A10004AF2BE5FC2F3F15D5EF7D46BE778DC7C7EFD797E773E58E5CFAF5EFC37D91E6F67BDEFEEF1E4E3F9B4F4E22F9A77F47D5E23BFD1E9AF0FD3F5B4F1BE7BD4FAFF56DA00010900132259CFA8C006009A06D008245C7F33F33E6C7A1F57D4797E1F95EC7D072793C7138F0C5F4F779EBD0D7872F67EDBA33E6E1F27E7F97D48E46B9E74F4FA6BB76E9DB5F33CFF4BAB83CDF7BE9BBF46D009A124D01294A89F5060C001A01A01342927CAF99F9FE47EEFA57DD8FC0FBDF41C3C319E75E6F35F4B8D35EBE4F9EEFFD3BA33C383E63E77ABD788C887A5F4F4F4F56955C1E0FD177797CBECF77A5E8363448048802525331EA0C1A180D340396802567E5785E1715FD0FB3CF55F25D7F4D9B31E3CF9A30CB07D1DFDBF37F25EC7DB6FA98F83F17E97D9F3F2E79234D75DF7DB7A7C7E47D369E7F9FEABECF6FAA93481021204E65289F49B0180E69026C126814F9BE1F2F17257BBEAC60FC4E4FAED48CF0E5E2E2E3CAFB7D4F471FCFBC8F4BD8FA2F4787CACFE4BABEEEF0E3C522EF6D36D6EFCAE7FA0D397C2EAC3BFE9BD3A040844B420254119FA9400C69CB192C40004AF9FF0095E7E9D32FA3EE71979FF3DF67B69397371F173C9D5E9F6570FE75C5D9F43F67D3CFE0FCCF9797DB7A8F3E386ADDDE9AD1E0F67B1A737CE74CE9F4BEE301348412E44250447A6D80DC8C0000040D19FCBFCCF3F5697F45D9665CDF1FF57D9AD4E78E519E9D7A9CFE4FC3E3EC7DC7AD5870FCD7C9727D57BFD6CC73577754C5F27F4BD779FCDEE1F4BEE31A0124024814CA8CFD4A01B103109B0042033F98F9A5E8F33FA5EAAB8C7E723E837D2E2642CC70E3F07E4FBBEE3E9B431E7F33E3FE67D7FA4F47A7A681D20CCF37C6FA8D2A7C2A8AFA1F6D8C49A421048895311E9B60300434C0068404FCFF00CAD7B78737D06D74E393E2BEB3BEEC0232E7E4E5E0F9EE3FB3FB0E8A89CB8FC7F8AE2FA6EFEEECD2AEC4D4E1F2DEE7A1551E1F4E5AFBFEA8C04812104884A273F4E80603498003400399F1BE767D6E4E3FA1DECA59F89E07D96834B3C32C3978FC8F1BE9BEEFB6D29CB1E2F95F92F57E87AFA75B29BB6BC29F74D2B3F23B70DFE87A8608422404902999CBD418A800681A00000179FE2E1D1E6737D2F4683719FCBF17D1D4B5318F3F379DE26FFA17B3AD38898C3CAF8EF1BDFF006FAB5760E9F0F1FB7A5BAC7C6F533ECF76C0042148240853319FA6D80D360800062000E7F2319F271F7BAF4A4D4E1E2FCE7B7DB228E6C7CBF1B5FB1FAADDD3CA6567979BF19E57B1EE6DB5963F2F3F7B71DD79FC1EB47AFE8800402120250112B2F45D000369A00001A009F2F972F278FDCF46A95131972FCFF1E1AD63972F2E9F6DF45BD1330894E3C8F91E6CB5F53B1C726FECF756A5D9E2E7E9747B7A00084820044829998F45B00A4031260086D007379F8F0799E87ABA36214E58F0793E761338E1F65F4FD0A33CE72292D6B0F97F36607B7A1E9F5ED5A5A7A4FCF75F6FB5D80C10291240249A998CFD22801800000026D3413C38F2F99A7A94E89A167CFE7797C79659F1E7FA4FA15961C91849765EC797E059A6FB767574697769DE3E17A5E8FB4D8D084122109240A263D06C001A069800C0040737365CD875D8C28239B87CAE38C79F85FE89D38F371F0A45EB78CF5F4F0F87D75AE9B756FBEB55754F9BCCEEF6BBC60840290424248339CFD0B0000069800D0C01067C9CD959A66DAB08E7E4E2E0CF0E5F3DFD9572799C91AF43BAE5F34F6BD0E2E2DFD1E9ABAD35D2EEEDE9C9CDD9ED6CC040909204484A14C47A05000003000602601272E5CC1595360A72E6CB9B9B838F92BD0E8E6F372E7AEDDF433E6AECED31D3D6EC6A1D5DE97ABDB9F3F47B6980084852E4424902CA7BC6C000180C4C04C000CB8AF295116D48A33C79B978B8B2ECF47CEF378B135EAD8615D9D1AE676F5B0B2EEEEF6D32BF4B40001048A5A12112139CF73180003540982018008E29444634892673C7979B2C7AFD9E8E4F9AF2B9CBD6AFA2AB4E9AA6AFA6D155AE869AEDAC7476B01A0052248052122223B580368006D3040A800119F30B288214CA8CB0E74777A3ABCFCFF17CFCB36EFAAEF4D282AE98569A6C6BAF411DFD20C4D00A508409094B233ED1B13001898C010C00051CE61159C65044ACB9E6BA7BFA28CF2E6E67CFC5CF3ADDBB6D5D041AE9AED77B74E35EA58C013412848422424511DA0C6000C0188A12600D0B8F0E3CFD0CA3399C21661B6FD574A45261CD873CA8B29CD32A56BAEBAEB5AF5F66B49A060810902904909259F5B1B00000698D0C4C0621F2F919F474E78E24E10A4D75BB2A9EA918C4E71CDCEA34739C69AE8EB4D35D6BA7ABB2C290D020424084894214CF494C004D8000C01509808247C5CD9E139C213B144E9AEDAB98199F3F2E2A29E1CF9EDB69A74697A3D7ABB3AD8D8E58840224124488254748DB004C060C1152301A602161C58E38E45314CE5CF8EBDFA1CFC5CBAF46BCDC582DB4D5E1C8AFA3A3A7A35D1D6FD9DDBB18020100908522402531D214C4C000180003006009567C1CD8679830CB9F93CFE63B567992A5BCF315E91CAB4E8EAEBEDDF6D47D5DBE8D0C01002131244884249CCEEC6C0000069AA130189800838F879F282833C783CFE05D3DDD5D5BE8F0E1C79B4EAE8AC7978A2388EDF4BBF6D7555DBE8758DAA126090020942484844EB4C6000000C180030000030F3B97156A165CFC5E774FBFDE228B95398A79F93255971F1DFA3DDB6DAADBB3D2D4749A10020011209242429D5D03000626A8434D89A06001271F99966046319F576EEC989956E02639E6098C78A7A3B7A35D34DFD0EE6C069A00409A1210921208D98C1800C000626D31310D30531E573612D464B6E9E9B64E509919E124C53254619576F4EB5AF67A3BB1800872D0020904482488D980D80003018034340310C21F9FE6F3351183E8EAE9A1678F3F9B86794A836E8E9D348A33837EABDB5F4BB6C18012C0010248048490A7518301800C0018C4D0340C04B97CDE29CA669F46DA316797379DE6E529D3D7A7AB6B0730F5DF4D7AFD6D8A0188408626812109090A1E836030006982A04C0602180230F3F831C902D76D81639E3CDC9CBCF0F5AD76DF5D6553837DF4BEFF004F528072C0498E4040909081494DB6000343000131B4C4C0009CFCFE3E4880A77B364659E79E7C7CB93D2F4E8DB4480BDB5D37EDF4ED8D0D0C48284082411221245B28000018003960C18000089E0E0E5E74AE9D68A9919C01C9C59595BE9400EB6D74E8F43D0A1830402180800424825095B1B04C0060D0000500012AC1470F171F3E157A3BD194E224524659C657A85C056DB6BD3DFE830626008180801084848525836C4C000686C963018048302783938B9708ABBDB5B601991392CD64DE90E9423A7A36E9EFEF61480069030402012014A450500342A18218206C192DC8D829E1E4E3E1C7395A74F46948A9CE31C239F9F5D35BA9D66325A6FD5BF47A3DED80340200000400909212A1B0626263400D0D800D3048A2570F2F2F0F1CE7177D7AE9AE710A39F0CB972B7BEDAD6B9679BD3A3B3A7A7D0EF18980800001A0012124896C01B1500000C43180980C498F3E2E6E5E5E1E5CE147474F4250679E58E58E6AF7E8AAD71CDDEDD3DDBF4FA3D8C6988686200000127209090D8C1318000310C4C62060D019F1E1CBCDC7C7C939E469D5A672659639E6069BEBA684CBDB7E9EAEBE9F43AC6000D000269500240848954300630000001802A00620271E6C239797938B9271C5033389531A06FB6B5A234D76D7A3ABA77F53A860008698020608431249000C1803130000000A40521A9C232C663879F97839F9F2C70717048AC1EBB5BABD76D76DB5EAE8D7D3ED6360240509881A620121129CD301809830004C000065133113194E4B2E3E6E5E6E0E6C71CE4806D9669577A6DD17B6F7B746DAF47A3D541231014262600342420480600D00C04C0000180D933312A339CE73CF979F9B838B932CB3CD4D3D12B7A695D1D37AD69AE9AEFB6BAEDD5D5B3050E86034D89B499200902189A60E5803040801A87ACA94929CE673989C71E6E0E4E2E2CA2084EC342F4DBB35D2EEB5AD75D76D2F4D7A34BF37E5FCFEFF0047DDF4DB18301A188404884C600080681A13111CF8EBBE89A2528853339C467873F071F070C662A93474F5DBA76BBD2AB577B74696AF5D2C8E3F039B1D7DFF00A7DDB69836930100912C01A1A0681312161CA618CF7FA0C724912A22459E71865CFE7F9DC7CD86621DED5BEBB74E965D1A5E9B6FA0AEEDD38F37E7D93E97D2FADA318C6800043924180009884D13873F34E59E792DFDEE819294A988994E79A32E7E7F37CEE4E7C8517AEF7B6FA6DAE8D3BBBD77D6D37760B97E578AB55D3E87777FA9E85940301A12692686021206A679F83964A8CF3C851EC7BB4DC0A60CE250E73CB9F9F0E7F3B83970CA6EF4DB7BDB6DAA82EEB4D36D2C6ED9387CF78525DF4EDAE1CDD5F5FF004BA8C63001214D20612028E0E5CF32B9F1D1CE13CDA917F57D8D02985133022632E5E6C7879393862197BEFB6FAE853BAB777B694E8AA9CFC8F98CB36B7D6B4D6786BE87EEBB680A00042918120471795E7746E44AE79B6659E59EB39FADF53A3492594A959B08CB9B2E5E5E4E2E6E7807BEFBEBAD94694F5757AE8552A9E0F91E4265ECDBDA9F35FB7F53EBF653068601000E49E1F9FF002B5EFD96707365B8CC53E37B4BFAFF004681499C449024A71E7E4E7E4E3E5C21D1AEBBBD2ADD5B7A569755574961F31E2C92EA86B4DAB3CB5F57D7ECF4FD6E96C549A798D018FCF784FBB69889931CAEEB07A4F3F37525EBFD5EC128888994A52959F17271F3F3F3669D6CF5AD2CAAB6DDE94F4AD13CBC3F99CE348D5C3737B5259F4FA7D5E8EFE97A7DB73431E40A9737CE78FD1D8A631532B3977A60F79C7917527F55ED53251194C931089CF1C787879F9A115A55DBD282EADBD8ABBD227CBF95E752AB69269696C20EED3AFB7A3B7BFD4EDB6D56402E6F9CF3B4D1449130663A6B39E833E7CEF57D1F65DB4128CB299512A54619727373F36501A9A52761A3B7A5BBAA6727C9F9E38CF5D10A9DB9D085D1BD6DDDD1BF67676F475743C654E1E079F4D19E606684B55195F43C33586DA5FADF53D148273CA14C4CC13961CDCFCF8659A9AA1D3AA74EEB4D0BB233F9BF0E912F426A6E80AA45743ADB6E8E9D7ABAA9F4F4E79E1CBE7BD233814C3CE75468A20D76CF0B9C7A2D7D17D2531CACB3959E72A231E7CB2E7E7C7243A874EEA9D695AE8E851E3FCBE3A541B4DE4CB08BBA49F46C17B6FD1A7475699769861CC37966A65E2C8B8B64553D9F3BD31CF6D2FEBFD3A62227389CF3951197361CF967941322AB75655EBAEA54E3E7FCCF9F6D68AC13055499ACC6DB5CEBA5EDA6FBEBA5A8C64532889A852B49450CBD1E71AD7346AFB3EC7B2DB4967319E7139C2E7E7C71C738530A1D3AD1D6BA69A8F2E1F9BF2B494B56E6808154E836EAAE8D6EF6D7A759EC594CB794AACC80244536556C425BCE12EBBBECBA35A724CC6580A673C71E6CB1993298892AAB4AD34AD12E7F9AF086CAB569CC5244568DB36034AD6B5AD75AEE949438262A666F3183A4CBD74C65D4EFC4B5AF43EBBAB46344ACF38933CF1C329CE565946313766869A539E1F0BC0423A642C9B52F326B668D6D869A1A5DED57DA440D439979A9AA8074A34174E999335AC71DDD777D5FA6EE8492CE62214E59672A631C33CB31E81AD4AE2F96F24D0CFA0553565388687AC8F773A51A5D53DB47FFC400190001010101010100000000000000000000000102030405FFC400190101010101010100000000000000000000000102030405FFDA000A0202000311000000F64028040A080081480822585252000005008895488965CDFA1E62A9000000088015252321625580028205A8020948259737DDE7AA1000054002025425888852585000A005200209614C5F770284000000082022588082585014280142008522523D9C4A10000000208209488221605002D0005800252583D7C4A115000000208805C882094940014A014008161623D7C68100002C80058820894822558000140A5008500960F5F10100000012094208960258940001402D1160014258F5F110000000120948089602596500000528000805097D5C44000000090852082582259A14100050A000009425F4F1B00000000908580962256B366A59442C2C0B228A0028160825F4F0A004000020809497366F3A6B1B9ACD9620AB2E759B8B10AA2C0A00580897D5C0000400082025231D33D71B58CEA2594580A4D73DF2D44355292800160897D5C0000000908058971BE7DE6A09659726A014035CFA71D652A8B002852085F4F14540000090809571BE5DA6E205957154CD000ADF3E9C6E6A92C028025217D3C41144000900885CEB977C7480585973A5880050B3A73E9C6E69284A54148217D1C6C00015010822597976C76C8509565CD9605000353AF0D73D44A428016025F471B00000090226B371D39769542055973A8850000B3A72E9CB592C28000825F470A00000210965CEF8F6C748500259A962500002B7CFA70DE4AB0415052097D1C2D40000024259AE7D7975C6C000966A58940000ADE3A70DE0B2C0001608F472B1501500542425CEF9F6E3D6500059735652000034D67A79F782AC00288823D1C680000080CDCEF976E7D614003366896014010AD67AF0DF32929500080EFC6800000845CB1D39F7E5D1400259A9659402C400AD4E9C37C8AB0540151523BF12950054021258C75E5DF9F4000259B9ACE9652CB8D6045828EBC77C934405401448F471000000845CDC74E1E8CEE00AA0CEE6B3D33B0B9D73B94002B7C7A72B2AC8A002032F4F100000084965C75F3FA65580A0526B1D73B0B2F3B2C082CB37C7A73D669000542548F47100000096458E7D787A2696028059AC75CED52E75CEE45019B37CBA73D44B0000088EFC69500000960979F5E1DE6966A2E6E6C9A586B1D6748B9D619B906A54B9D675CFA6359B101500208EFC68000009626A5E7D3976CEA59A96E75CEC9B9A531A9B9BD66E04B926D519DE6E379DF3D6501500088EFC6800000973BC749ACEB9748973A58AA6A1359CEB3B9AD66E73B50196759DCB34B8E9C2C42A054088EFC6800005239F6C77972E7659655955A194DE66B3ACEB519CEDA5062E2E772B56DEBE4D7304020258EFC680A0021639FA31DE30C259A8949A02CE9993373BA33D16519B2E2E772B5AB7AF8F5CD0000258EDC680A0009639FA39FA32CCCA5966A52526977CF583366E2B3D1A844B9B9D6770D5B7AF8F5CC0000897B71A54000058C75E3EACD3125966A596568B37C8329B15A9BC8B2E758B9D4AD378E9E6B902880225EDCAC000288171BE3E9C74308CD6A6A6A68AB8B949656A15A6892C6758B9D4D4D3AF9F5CEC00020963B71A00A002173AE7D78F75C25CD59B9B6C4B9495A9A01546596778B8D4D4DE7AF9AC2A000220E9CF440A000858C74E3DF3BCDCDCD6A6A6E6D5285250515194B8D6358B9DCEBC378B000082223B72B0542801614CEF8F6E7D26B166A59A9B9A5B196949A140444D62E358D6379EDC359100003258EBC680280521497975E5DB3BC33B6B3A69A196555669A00066E358D637CFAF3EBC91000003363AF2B1528050214973AE3DF1BC6B3B9B966946514559A694046758B8D63B70EDCAE502802008CDEBCA81014A205233A9ACEB8F6E5D66E6A6A14A1A51669004675CF58DF3EFE7E9CD02800202337AF2A000000589A966B974E3DF1D336695B295A6944910118D675CFAF1EFE7D64B00101482337AF2B000A20A58259668C6F8F7E3D73B9B150A15549A006358DF3EFE7EDC52C0000020C3AF3B0A0000945335A89BE3D387A33BCEC006AE96500118D73EBCBD1E5DE128280020232E9CEC0A0800514966A26B974E1E8C74CE940569B508B20B18DF3F479BB70B94A0A0002088DF22A800016145CEA26B9EFCFE8C75CE94806D5A5040B18D73F5793B72652A80000820D73A2C0000581659A89BE7AF3FA31D73A52055B656802918D72F5797AF2B94AA400012508D628429600005966A26B9EFCDE8C759A6801A26D6890A4637CBD3E4EBCEE4B2900010252358A10A022A141735A89AE5BF3FA31D5B945149A516A404B8D72F5793AF3B92CA454000088D62AC045008145CEA59AC6B974E3DB3D26D5414568850418DF2F4F93AF2D64B2900010088D62A841408009ACEF3AE7BE7D31BC6E6A6DA550155562012E358E9C3BF9FA62CD675100800088DE12800008171BE7D39EF1BCEF366F3A56D5A0146A5894196758D73D6378DE3BF1EFC2CCD94000888DE52A80012C645E3D78F7C6F1B9AC6A6A69669A6A941659A948A6596359B9D6778EFC3D7E2B059A88014CA359D4A02C66CB2E50171D3C7EBC74C6F3ACEA6A59A69A6A5B5426A509512E58B2E6E7A73F77CFEDC52826A5942089758AAA6758BCECA28033D3C9EAF3FA31B9ACEB3A9A95A966D5AB556160819B9B84D66E7D7E2F4F9778B0A025966A088D66B52E3A72B82C29516166B9F6F0FB7974CEB1ACEDA59A9669A6DA0588044B9B96759EFC3D9F3F78D66C29000CEA6A58B8D4DE3A70B292801609ACEFCFE8F1FB39EF3BCEA6E59A95A6A74516001119D653A73F77CDDF1DE752C2C04A41659AC5DF0DE378D4A400502166F3D3C5EBF37A33BC6B3B6B3A9A59A9D1A160012CB9B8B3DBE0EFE5B9D66CD42C012C2A0CDD79FA66CA280005256A6B9F5F07B38769ACEA6F3A9B95A9B9B9455044B9B9B9F5793D5E2D73D64D4B0B004B00235E7DCB2828001426973BE7D3C3ECE1DA6E5CEB3A9A9A6A6A69669544A6359F4F8BD5E3D6759B9AB2C4A2C100423FFC4002410000202020202030101010100000000000201000311100412201340305005146015FFDA000801010001020198C6318FCF6B78C4C7C2C78B58C3D6318D631318C6318C626318C3531096318C7FC2E739CE53CFD2E2531AC4C63C318C4C3986A35AC63C318C7E03FC2CE593B3D8ECF67B04FB898BFA71E789898C4C631F4626345FB59996F3DB39CB265ECB6E2BFF00D1FE8F785BEDF60DA168927F031F56318D258C3D34531FAB98DE59158573BD5DEDF695C5C83E49724ADEFDFB09097713F601D66242D7C6C7DD8C7E967B77EEECF695C77DBC83E47BBD8B91EF2E415DEC6595318D76EC263655681818B4D7CAC4C78E1FE9763B0EF2E4BBFDFEE2B9DD65C4644CBBFB15844C9965412EC278C399EC3655655609D462E2F818F825FA0561DF65F6720EDF67B3BF726444F26F396FB76ED32E22224416AB0A1326989556D160D949A69C5F01F835AC7817814C7E6115B6DFC93E4BB88D96739ECC9C298638733ACB29DA379EC367B32DE5303AADAACA6C0B05ED7C7C69CC6F1F96657DF75D61F996B398DEDCCE74B598F5D84B38D0952551D56D560BF96FF44CEFBADB0993CB7ACE7B37324F2DF68E62383F4A73B672301D56D6749D44BFE2B26775D6991116759C9177EC9C28DE5B659D3451E9EF39CEB3E02C181D5671AC17F5BF07F6398FCB6EDB2DB8ED33238E279851AC6B24DBD6759988D6212DBF25A12ACC0B8A55B1FADFEE195B75D71DA44DE9BCEB2E38DC71B27A733D9C531BCCC61EDE92D0C501D2549F1CC5AF0C7D8FF52C3B6FB2FB2C659CE7B1176EDDB3928DE7B3871B8E14C4CF9B8F59D61E96B20E93E2903517D38FADFE719722EB6D3B3B6BB337A5AEB87A285329BD3F0C6F2B58F05ACA78C4C44E92E29D243F3F1F86E726CBED33C61B6DBDE476532D937A6F4FC73F60EC56463953E39F14862FF82BACE5DB6160461C27339ED912ECC889B22ECDC2D3FA1EDF99418B42CA0EAB953E140D2F965F8B6D9C9BED2EA2248E194CE4B79CB2CC7ACA8F6D4158D9789417E03ACAD64754BE0D95B5F35FE1D87C9BAD787A2961136F3B6D179623DE7C12FA1E85C18B6B4113ADF1CF8E42D7EF1BE4596914C3793B088A674F4E6229828B4D4C631D31D7A74EAC5AC61CC3531E02E2714162C2547C5B6A316BE663F03916D8671BEC4C8EC36DEF3E181D34A631D507AFD4357A553E8F47A3D054BABD655F5EA4093D63188A66620312E3DFC4B0093CCCFC57A7F8361F22D6645926644451C26F43B5A19D7AF5E8357A4690E3AE37F9478BFE75C7F47A3D0E82E3971CB8E7C7FF003FA4AA2AD8F5F0EC31351C179ACB8F75570582D7C77A7F80477DF6919364444644F39F1514C0543C6FF3AA038E1C75C75C70A7D7D3A74EBD3AF5EAC7A7AFD654BA4A93A4E82A887AC6A2791791733515461785B5128BF58CB9175876193EC4445339CC7A73086B00E2F1F8A353A3FCE152AFA74C4C631B6A6318C618B02A8AA3A4F8E7510780BCC514AD8D82755DC6B05FC77F388B917DB71D8451B279CBD634D24868A78DC31A3D621D3A75C631F66378C3130203A6EA0C0D687C13079060F8B6D662FE314CFCB739575D69113CB6DE5C2F02D24234D5C4E308A58C6263C71F6630D61A62616576D36D6D451C4E0C1505A3A4F8F657F231F2EFB3937111113264F59D36F4A0AAAAE251588AC7C27F4E1C6886DAF9155A04B4A60054199175BE0CABF4CDF3ADB49B709E49F83DA812AAF8745558AC7CD71C24436D7C8AAD0C69417917950270CAA63F7BFC3E41F2AC26509BDE73A26B7587068A812C7C07F43FA1A2468C2EA8EB7062898E93160F8E5C76317E813E7DA64E169ECBCB00B894F1AA15F3F3E04886C0B6B3111D26E0C183297C331F86FE75E7CCB0A1329985F40AE355C6A852F05F2CBCC918DE06243898D0C4E99C18317C66BE4F38ED650A139929917B514A4385C701517C07F0711E9C7095C3601AC61A1516A89C18317C57F28E738EC870DC28E135E18C00F129A4125F31FD872D568909289EC652B8758FC27A7A7F2AE9CB76B3271E8BC1A5302B8F5F16915F0569FD4FC9C7B7A70D1CB44B4BC2B9C494B06BF3EF9C976B22265B712D6200F068AC7E33F371F9E34F4E14396C38F41AC0CA6718E98BE2BF9574E5CB5B8DEDE8A0C6A712BE38AF8AE64BE1B8E14B25B0E63488584A671DD4D7E7DF39D0E384947BCC050570EB0D2FB1FC57F438E14B25BA3982490B19C75C69541F8AFE5726731942F0C94714152A0E3208BE3E378F27F43D14396CB2178A943E1CAD2D2F86FE572972E59A70A144A1414A04AA51062FC92D94397428E3DA98E1AA1045F9F72E7A38F6D8BD24E572A54418BF01E9C731B71C7B296AB745A5141954E32A62F8AFE514FEA09A285A2D3D26E54354A10C5F3DFD2E16CA1CB25C9E9A83065138D2B8BE2BF97FD5AEC451C28DEC262A432883A5E6FE9CFD598DC6E65BCCCE9EDC2564B616DA50271C281A97E87395D0A142F118A570253074B4BC33BCE739CE739CEB3339CE739CE739279CF6EDDB398F452D96C3D656AA9C495408BF4398B930A168B6E0C1832895418A2F1CE7B76EDDB3DB39CE739CE739CE72DF6EDD997622EFDFBBB1D9ECF623CE9CB55C891470742B88EB81F19FCBB973EA284A168560160671D57145E1965DBBF7767B3D9EDF67B3BF6EDDBB76CE7B673964CBBB37615A56FBBDFEE76FB3D9ED13AACD94B84E169218338635057F19FCB29FD512851ED4C8450671E57E196DBECC9D8EF2BBDDEFFF0042E47FA4791EEF623EDDBB673DBB7723665615C579DC56FB7BF6EFDFBE4480ABB32E14B55A9E968270004447F41CFEA8942716B090EAB5C710516B2D91199195A56BBBDDEEF6FB55A178DE368D83609E739CB22223666666C88BB76CF64498E93EC0551E4A5AAF45B1954FE6A18BF4BFA4362298D0CC38138E1588E946D9323322B0CCC8B25A53394424360D8368588BB76CB22323644CA398C631D60A4B4A22A8C4A1CE4C2D8AA57020FC77F339E37A68A16AB99954E308AD3666CD91BB0B042C71D58F5C75EBA4D154626259ECD9B71E8A75EB0908E3AE12EBD7AF51953509729145A194CE088FC57F3B963CB024531808514A95096CC8C99A64DA850963AF5638988A16AA21212CB26CA147147A7AC08F5C75E98C74EA8410473930F60B8C1400FC67F3792F988D3588B4138F294B46ED65AEC5325B43D4A122F04F43058BCE5C2F026DE8627DA614C75C754084563932CD0AA570F8C297C17F82E72DF2598F52199C0AE3CAB7633849C222B8EEF6BB08FD9ED2B7DDECF62B33B18307C1E9C266C8BBFB3D9DD1FB3DA168DAAF1B4483C3928E0C19C55C44BF539417031213128A0C538CAA5A3850CB916FB0695C41E2FA3D3EA2A8AA3A7D45490760316A0C0487AB5A284C8EDB0608054A9F47A7D1E91E39718B8A54D56D37096B928E2433883C75F21FCCB15D4F2AB2650A0C1D719069C3969727902A9E3F486656BBDDEEEF6BB137091D6415D80EB054E274F49D652C3B082BE8A76F72BD7206F1B42C178EB6F17AF1F91594E4438900F0C285F1DFCE21FE809A87A1833890142775DC9BA71AA1452CB0CFB379CEC0D46AD10155F160C35EB014761730ED1A4304E16C5082AE5560583AE4532AB06C34758215C21AD7EB72A8E4F14AA34D2813840038B8AD56CA4045CB48DE5A251EAA8759407084C55FC0400ABE84248A73277AC5C28B4E641D23834235A163097303823EBE9CF019C70E3563FB17576D1C8AC850F18697EFF6726BB99DFF00CD4D5B2D8C718B831894C264840521E5D7451FCE2AC7A923135C921160A12E9D7A987510AA64402B408475CB545DFE9AACE6580B8AAA217F15EDFCF72F0E5058100B8F0ABAA62CAB9D4FF2910D80E8F4153EB2E3DBC6FF003FF982961D06B415D5CE00BF8075CCB852C5CF955D597AD874EBD7A74EA28444462530A72656A9ABAF2C6A0AD03AAC5F21FCF32B8AF568F500E18F562B5FD7AFF9331D3D6EB2A8A875907AC913262846AA5873CDCE0CAB96B91EEF7197391CE0A5595642C7AE225D5414A0C5BE54E3215392AB212F7547497C67F81C83B6E2335D31C453AE31FD4AFF00910675C61A286CCCEC378100AAAA42BE4AE490AADD2E8A9F1ECA4CCCB923C294C6055957D7A7AFA74422B02B7FD12FE788A972532538C7C67FAA539857989A289719698B5CC1E030798E14246255FA5D2AA0A2AA90CE5CFE88D422B835535E0C797414BE71DF1CE6084ABEB8C610F5EA9635FD19C105AB11C14D57387FAC739A5644B0984A37868C790141A79986887A31E8350D71C22E59F30AB5C6A789C74382568F329B10BE29816BAB0E9D3A7AFA75EB8C14B4EA5A356884281389FAC73988D02F590D4AAF0C12FE955FCDB545E18EBD3A75CB223B4F987290FE7F14474E12BABE7D04B88751010B531D7A74EBD7AE313977706B15A29720564A971BF58A72D5AA9886D0A957E2E5A172E3D8BC711B23232323BACE45801FCBE2D63B7091AE455CDA683060C1A24F39CE73B27C92E353B396A11354AE30FEA94E42BEBA465AEB957912E771B83C912CF6EDDFBB36444C8D9172AD9FCBA29AD78B8E5A3CFAED1E15C2C6269E739CE739CF36FE0D3E07A0568D23487C77F3EE0B6B0072D953ABCC97F4785C1E50DA4FB76ED96DB2222B6D32E355C4A07C1EDA25C8A795C661C4BC5A79CE759CE7937D1408F85BA184B8E02BE3BF9F6A25829740953516D69C29CBE24A79BDB396444C89DF79BAEBE071007C1F892E4D1C9AB1C7E589F64F399DBBF23914D00BC792E9D638C1FAE4AD1C12B90CE3BFA317536704E0737FDCF9BFEC7CC2BC9541C3E1806B3DBB76EDDB398D72E8B43D6E072EBE77FB3FD96F37DF555571FC16F96F8FAA4017EC5CB04AD035C66B6BC8914B91D4553ABD7D1CCFF378A2969B67DFBF7EFDFBF7EF939CDAE608154A81E3071AA0D28B6B44EE7C742A90F92FF00A109231B4298BE970E5B0E38E1470E52B8AB3922232B7DAEEF67B159DBBA346DF294EB81581810628B4B7852E8D54B8E297ED59B30403F4B872C5622582450DF1A52FB95AEEB2E2B3D9DBB221266568DC16897249419D44702850C5B5B5ABE0A05C71FDB24E59009A5F4B850E1890B448A18D329B1DB65B65CEFF0068DA8B29F633B1D52A68AE780420357ABA24B4B4BC12B9085420BF70D31F5B8A3FA493442406068D610546C8CACD144C0B3DB2E12140C5B4400AA8B4E6318D28B5850D75A6BF96FF0008D66358849793D3850A1B24690574AE1DD51B379890ADE3A880D62B0422AB79FA87448043F78A10BD6238E2F37099B718FAA9E305495D5F278E55FAFAA5A15D7AF44296358189E729E62D646283A5012FDF28E6378D676E371EBAD7580E304ADAADA0AAF5FAFA754B18C25AC78673A5178283098BAFE6BFC33D93CC71F83798DBD751105B71A30F4FA0F8E54FAFAE1451786578AD8C5B08A592A011FDF68E115875591F8939998C0A50667B6758C6093020F5F5C6B3BCE731E9451696860C11C7FC0DA273D63C68F4F6F58C4496B3D93CAF125863D3A106318D399EC98BCA98D2D8C18BFE13AF5869C70B4F58C7837DBBA2516B3DBD9D874D993B19660C2D13EC893C8B8BC060C04BE7BFC834E3851E978B99C917B02C13F67B8B907C9778F28399FE92E515CED56FB55AAC6666CD34D3163145E030102FF872848A169C5E25088EC3B5D8AF1E43BCAEEF9D7645D89CEB05422EFD86C121630545B502041FF89B5142D38BC1C2961191B55FF8ABE08F0570570BFC7FE32E017F38B83FE4FF002070FF00CCA83A880ABF41544032B610743B140AA5FF001268D1783D93296AE9570E9E3258D22EDD996738D9B278E9D480EB2AC1041D2D6050205FF1570B8D4CE616FA57500ADB588FE86CA63188E358C0418A2D8AA857FC592B04A3F071B83060F893EDDB392376BBBDFEEF6FB3B676E12C0C0490E860201FF8CBD1AD6724F41060EF2DB66CEDFF0043E4FF00A1DBECEFDC485A69F812C243323141550AFF008DB21A71CCEB090A5E0DB6E1CB11AF25060C5E0D471418A2830256BFE34D1C245E2A653F170A109D6C1AC6B1060F8399D8C5A195C0FF008E3870A179A8A663D35873A9D674B1C28B4307CF1074306021FF008E2870E147F638E631824551D483A754925E6316860CAA2FF8E2850E14299CADAFAF10A3021C622F35145060CABF2DFE2142870A385A4D122CAF27BCE4A76EF998C79A83062832AFF8F2870A1438F59C8B162F3ACCCB99CB266ECF609B3449EF39CE466458C194C5FF00159D943850E1C29999162627D934F2CBB76264D9367ACE44910BCE5BCCCC181060CABFE2F1B2850A14346A3D651098D889933ED922EE47D999167302645E72E66283060450655FF1E4CA3848A1234E37A448C6C7677F67B4ACF61D9EC67DA6534F2333D9BD283060C1832AF8CBF64A169C2448C484B45ACA32B159DFBF6EDDB314CA991D0BCE60C1D6060C18329FF8D6DB8E3D3960CB04C4D4285A6D3CE739F2162F39EC9A831694182D3194BFF8ACB7B7A7A28425084C093851F8673E198B59CA690A8A0E9418A289810599FF0086CE7C1EDE9E8C7068C4C4916DEF3E599810EA945A18A28333058B1B06CCEF3DFB7EC65981CCE7C9EDEDC730626AC4425331EF185A5318C0C143A1984B6A0B5145339448FBFB393CBB3FB1FEF0E5D7FD2E3737F4B396456F7148379FA9EDC28406248D1A8FC72B6312142A24A2D0EC628A0EB39CE7B7625671B91FCE1ADA03E373AAB3F3B246ECF7158CD971CF3F5BD66351C24509580489345ACA716D4C6050E9798B18A299F0CE72CB91715BDDB13A39547304BF232C9DC5C82B7B11772265D82DACBE06094245095826893D631125066062890FD2A2FAB369F26EEC8FBF6A886D0E7D7FD6AB9A27F217D7DCF916F2276CE49F627DB3965C3B85FD2FE868A147095824896D6C60CC2892FA8759DAD65B22E65E4FB6510B45D91184AB97C1FE9859F348ECE67FB3D8DA9923CA796F39CF69902A4F3F43FA4A18F570E109A3531AC8C18A0AFAD3F1CE9BE4DC65BEC2C89123EC50909F079BC7E4FC922B79577F415C2188DE7B93CE72D968922CC738370C5F6BF024E385091434D1298C754928B59FA57D19B8F916E72E6466739C8964B48B87CBA79F5723B2F899BB93C8E5B21AC05BCF66F24594F3964CB56402C94A8B8D6FD0FE971A21247091224FC3090F9AD38B6B59D2DE4CF97C827999D673329E73AACE9B86D0B69E657767E01D9CAE595835575E667B672DC533A27A72C82F59E15C2FC9F9B99D94313451C351AD28B43A5A5E2BEAC93E5DE65ACC5B532B4BC6B213AEF030B0393572517DB6D9CABC98D6B4DF6CE729E73A5B16B450A0BD03E0DFE4FE87A7A7A2475923986B184B4BC339DAD2D674B64F9175B66628D8BCE6674A67B661418252AB44FD83605F5723B67E9B6DBEF89673DBB6739CE7333ACCCE6398705E6556D16AF37A733E0F4E38E1428488718C7867E95B5BCE6EB3936BDB795F41790C4F20636090D81605E3C9FF00585F9CF667EC2B0EFBAEC8C4F3D89E53CE739DA8DB70765A2D26A39C4E4567E4E38FCF396DB28E1C71BCF8656B39DAD8ED7819F2F9198A666267C333333E03A18311898989898963FD3FFA0ECEFEC2B0EC263AC93CC4DCCE5B99CE7B65B8A0B85A50941996B81C8CF8BD3DBF07A3D14285A258985E2B63A5331783D13E5DA67E6F4DF9E7498BD6627D93121347DBAA367DCCF2E2D16DBCC6F333A1DE743E0B4685A7D80B897F8BD6318987E05091228D344B18C7D83E44EEB791760744E3796E0EF3917333397A4C4FB641F6462594F225DF3D9916F2459CE7597178AF25B2505C310D22E3DB4DC9F963187311C7B24D1469EB18988D0F82DADAD94B0F937F8631A28B4F45AC8BED989E7431399CE45F6124FBF699CF6F1CE616B309CCE66666660EDC5330D2714E3F229B3E828D3531863824D1263D7AF5EAC7186BC54C2F1C9972EF2733A5ACA8A2D2DE667C5782D2D2D8C53396F3BCE8B796E662FA72B5999CA6E34259538BC9A6D4F3E2F44B18C469A2442C718EAC58F5688718C6144A2D6266DB393CA279CE578E66759F0516D7838A2D622D2DE63D67C1F867230A0E9E96B2A3D04CF8E4A3D279E2DDC7E4CCFD38C6B0C58F5E9D3AB163D7AF5EB8C62636DDB6F2F93DB231C5128E6531D6346131BC45A1F0C6169C5E19FFC4003010000103030303040104020301010000000100110221102012302231500340516041614213320423707162529181FFDA0008010100033F01F96572A7FB0C21DC4FC10043DF374DF291EE81FBB0C1FEEDCAC5F0AD8FC88201046D54458A3EE9EEEDF230104CF5CAA8BA37A22A981C03274D76B9F8B8080BBD89381F4041425952C4493FC49AD544A32BD2D5F43D2CD6A27BD7063F11D22CE893E94DAB9533A32D25507C39ADAB6036DD2CC764A7C7AAD351764FF0C02CFB2DE86B9D70A26B52CEDF0B16755BB6DD13BAE9851714F6AE4371884FF086C5CEFD31E97A2A5AB6A661AC152E1542E9F0760BAAEA8EC5737B511DAA586070EA9B1AFC2182EA8D9F3EBB04654DBADDDEF44F6ADD974544FF00056BEAC2B9855C7A6CF2CAA85A98D2DF7854265ABE08220AD46DAB0AEEBEC74CEB7A6C531A85C7E062210E89EED93E0DB4E4A270A626FD3668A98557D2A7C05A27264F6AEEFDDDC5EABAAA674BF2B52D4C698E920A78FC22AABB8762B4C0AA2E94C2B77BD2F4B9EB8F0154E7BFB04E86E573A2ADDEDD11C0A36AA28FB6CD5571ADA899109FBF017AE35C298912C89B95F847DAE10F6B0F64152E7DAD5B3635D8AA65A64A9DF34855EB6E56031AAE59B95A91F65F845D1F65F8B042E2C374B946CCAB664D7A61C970BBF7860BADDED54F9570AAD52645FA2D3F4BE9041D7E10F52C8B61D6D5C297E23BBB2FCA7C6BB34B1921080FFD21EB85571A26DAE29C264DDDF4BA3291CAB9D2FA97DF6364D6A66D66927654EE9A575F40EBA26ECADB555554EE6C137DA73BEE421A508F6475EC8D6D5C2A9956F50B8F7368AD5255DAADAB7E88447686DA20AE3DC982D20EFBAD4B4F69EB62F6ADCDF904EDDC982D72286ED56A28440ED5C4DE9B141DCA8B9267D9F6C1C85C47BF6BA6D1A2E9DCBEB3A6C3CC261DB38E55BD4260FDC78AFF002155C69B1AA4B4C476FA2AE5FE48A0C376BD938AEAB91B53164D6ADAA87554EE26EE1322A5254EE1C4AE5B26FD16A904CDDBFAEC46D4EE142AB7EB7A615B3AAF74E388EE3C4AAE74B56FD3B8D152FF004A972BA13DC7815C8ED1B74EE34D81A80280FBEE2F04DE53B75EE34CEB7996F647B85134972B3E54C29DC6BB0CDDCB892ABDEA9B7D153B8F129A5217A7C0418A1DC9E0573960D76C2BDCBAE6D25D3B93C568993DB862F63B1D7379223B971CDBD38F743D0511F7DA7DB264A9DCF8DEB8B59F78DCFBD8A7DE363B653CB698774E07D3146C7AA28EEB7A02E9ACE362A3BAF0298E1454DDEA11ECB54D8F255C29DD1E0B91B9D5B4CABD829B61692B8DA85570790098774A2E2B967CB0A6E0410F4A2C107B38D9A2AE148C8F74A231B7B67C971C99694190B1525253524513716A7A028A9228B2360502863C4AADF92E1DD754531B012CB92E23333529D53A14515150516E8A0820BD918A304E9F1A642D29225041D45051675151287BDBC91E8A517D5F48118702AB7E4B88EEAE1132E8B405F795553065A7A2979A4804D6D22DD51457E53A755B04605D14E894569FAB6A52440E9662892C13A6B016A208587BA7B06519A97826A8835B815C8FFCDE8B88EEC0E0F87254B3265297447C92FF00F530B04C89C2B6A22BDEEF02BFC8C8F8C3A0621064E8A3128050985FB7E46459D3C9D08DE985514414D809C4A3E39228A328A3A8DABDE4F90223E91AE2750A2A582124190979135DEDD6FC9513945B1D1375AA2C9E3894C9FC881835F95A983A1109CD99AF45C9425E250F651434B8456A2B48EF20C50AA31974B87AA8801908AD4A73AC5793C62A0A32A226B9947177BBA640F8D37974642112BF789463E50B8B625145D32273E28F8CD14E5D14D4BA274C877A0814C99175228DC11D17ED7969D171162515F8B04E8C648BAFB4D617A2D3E3461444FF00607FCAA627415FB650F2CC2A0CC6CF14F343BF359DEF5B530ABAA0B84102AAE8808D99009EFA90844A12832E4B4CDD3C51B04E9E05557309E37ADEBB5C13F9574B5132A20B5778643A2124F60B88C757889F6D96B1251B7E2CC9BC657221724CD6240B984909C5699AE61711E834F897DDF894D2455537792E8A7B557118EAF19FF85FB7FD8D3B071D22FC16995AA8C93445DC1460B52D335C4607735516985F8AE7853BB52CE6C6DC971C688F83FB3A8745AA00FE37F895AA42DAE6168C753A20974D35A993EC1C9A257EE7F616988BD11D68DAABA776A2A9554E532211D6A996A8B809E3A247A6FF0014F2464432D00129B17057DB2D2574C0586C8840AD7E533C28B9AA5B92AF76A2EAB915C82A2086B5C4640C4852FEAFF6411D1D0F2401D818D0A7A23295151CA619BBA692D130B8EEB047CDE6D210F1406144F35C7BCD2DC972B517254CFF0077C65BAA3E09FEDCFDD090046EEA2B5CAA10874D9FC262BF4C8EEB708F52BF54B2E78347BC3A62A96E6B8EC6B065E31C94FC3FE3F29FFEA12E88A3B0223AAD656B980C878E236B5C51123452849E284C7E76F48A23E496B926193F90AA5AA3BC71C2AB92A6C8F3741C97F63FA9262A3E4A4A92430A5F41647C9344C99969EA136D8F244A3091A29465455119A07EF3011E9E353F27292D21B268A73DF3960752E3B50F24790553A179BC1EEA51FE41D3FD28FE500B57E95329FAA339001011048406E89825969927538745E41D50FD434AF1FBAF1FBA1FA57926BCB33CD086DEA4DDE69E844943D9442087B201055400D646C573A2E6F706C1051423D021B0C13C951395A477AA6154C7D1BF9026F147D0713B15D9E2B9264F2EFF00A931F47FE55C45EB639320E87BDE96A6FD172B30EFCC9F7EB8E993A78606DD2D5B322A4E8BDC9BBC7D0724C3BF3A63E95AD4B0C0DE9F16A7A5AA27E938528228EFB7A0AFC0397A3253CBA2D36124632A7AEA7C0A9E89CAA04D86AB147D9147E680A08209BD4945D37C05AFCB69ED5ECC10F81385214214A68C6BEB0615F8B042D5F4A10F7B8B00821F2D08208BA28C42082EA8CB309D57E446CD628A251C0DC9525252524548A3F2494CD1797D94FEED0505E3F65E36FE2A087BA90E8BC9EC894C821ECA23E9040DD957E28FB46D228CCD5086D8C4DC7C89D00C9BE58E1693B2364582082082087CC087525244A28A28A3F313E9E9F38A7C85EEDE929F2309FE72E858654F9957E3D4FF00430F9E36F1FF006EB229C6D57FDC14EC0427F8F1DDD59D733618C7DC21EE3BD0081EF52F145E2179AA2402F248FF0025367D4A6143CDDD458AD4847B0D3D4892F17907280518560534510A51E8A716D55427171DC023EAE9B94F54CB4AE453A1698E881FE4B50ED43DD47DD0449CF4C815A877BD3146533932978A3FFB0BC67F92F0CFA4C207EFB20F7518AF24BF8A91AC89BD307C3EBBD327A029F0ADE96312BC9E33C66509803C8594660693EB80FB5E38A94BA0A23EE8CBED0CA96A262B55DA6193C7D29C4FAF022B51C2A9B2217252F0B0FD287963EA8454608FE953F2FDA1FA9042F5DA7B9D5A4FABAFAD1008CA56AED3AAA652855D1900EA33FB43DFD343C747AA949D8A948D14A4B4E7554CDB0D320B5C07A5AF61D29C9013EFE9B7E54C74926E32519F43E884113FC4A2648CBAA10080CA98B6555D2E04804FDD74D1723638BAADAB935A8990213494E2A32FC27DED289E88CA49B3A2A5ABBC6256A0C7AFA506C6F5F435D9D2119CF6CDE9998C58A708840B2947ED092076C4628C9D6A3B54CA97A60D8184C21388F4A53FAC001467267D818D461D7312B154447DA280FE4A13E850B042C1345195F8D86D5762B7D386993142551E8C7AD6746A11D6AB5C6A766BB8D77445626ABCB0FB75FF005B7E6C7DD128DC6CBE4FB144D73A97E997A36F5BA414F24556F554B5333B0F738D696050C2960ABB34DD1F77A2F64D7309B85FB901EFDBB4451F24B2AE54DA6F4610DBADFAEE0C4C262A84E23B6327964716BB1D97DCA58ED531AE15DAAE2CB55CF8663D90F24411B6765D57D37B1449C3ADF914F7A2E590BD336C8FA32E776B77B0314D6A20CA5E19FF00D509C5C768D01D020B6C537D8634C5B0AE14EC4D2BBA3E2906E8A1E4FBAF61AE2CB596072E3838C8EC56D455CAB9FF00FFC4002510010101000301010003010101010101010100112110314120513061714081A1B191C1FFDA0008010100013F10C24588CF426161659659F8CB24EF2CFD136733D3D659D6759CF5979DE593D649367421249D189C747A4E9B1BECF93D867490759F208E5659659C10761A38B263D61FCC93AB525C7A31AC79B3BBC49C9D1DF2986BE7423D13316A5EEC2B68DEB9CCFE32CFCFCB88EB3A6CB2CE9EB3B0E3F19B671DE4F596759259D67E938EF249266C3ACE9B26DE97E4C22062E7F9E8F11D7CB9E3AC2CB2C85C1CC9D12C9D74C7859C59249A4479123789367843D278F49C7ADC9674F2DCE819B25F2CE889E5D67616D9FBCFDFF3DE759C7E8BC7E32CFEE242F3B49E9659766FB2CB930A0303EDFED0671398DBEDFEB07607EC2C31CF4104D9659C74CB2CBF99FBD64CC9E8095B04C54CC92492441924B2E4493324C8716F6CFC967459FAFBF8CB3F2CF58364FF00464F59F8F3F5F2525E262CCC59B99A9C939EC1D2B39636E4FF007B97DB478CBDF6D7EC6FEF9704ABD6370B77AC61E919E82483A49192CE2093A25967BC59649D25926C5611247A18C0E9C5CF40D2C7F43FD79D31D3F94FC33E779F8FB3DBF83AF92F4F097A5A1CC040EE41E6CB6048038DB998C67CB87D997D9F53CE2CF01ACF990BF82F2BDDFCAC6BD5FED7D0C7D2B63ACB3ACB3D9E80927AF64824932CB2CD66784D9793AD997CE82CD64809092712B7F59FD9F2DFD87F4E7F4FD9EDE9907D923EC893FCC07D9E58BF6D1ED91CDCA79BE26DAC6527B01EDBCF66EF36FE15B89C831C59622D6560C98610E429A6CC263329697FBC6E74286DDB1FC65F2C92CB24B2CB3992C2CB3764B2CE64F2C9E1047A8E2E0E5BD64B13A0B3F27E0FCE41FDA9F8608FD07E33F0CFD10379B047216BF494BECBC5DB97D9062EE4BF5F255C5CB2FF0032AF03B24F556E0B0D486E6F58BE1659274B80607897D2BDC8F6DBC9D8FCD86E2DC0233B6E436B3B2CDB1E92CB3ACB3A4E2CB525F3A0B327DB0678EB2C924E2C0983DE8D9F93A4FC67FE6CE3F2F6FE54FACF7B20DE88DC2E33EF9B560399394E67849CF37008B6736E4EF0B8C13C255A5853762AE78934B107DE6E1EB036264075BC2D0C94325351838370E4493CB16EC79F80965E5B8CC12593C596733249D0B2C93A3F8B2C4C9D3F2197B6490DCEC47E1E896E7FA9EC9FCBF97A3F1F3F192F526F3F2DE96E7E48CB864BD16B895846D07BD0962CA62863ADEE573B2EB2F1FF00C8E5B7264B9C8C6A1E6E016C676D9AE6A72DB1BC4A72904E65F1617859B99E20439B687887AF53F6CE7F3CAF4F1D3659CD9674DEED90326ED8CCCBEC267D924D6D7F6E7EB38ECEC9E98EF7B7BDEBECF4B0C9826F2CFA0641B3AB25F5E9248256E9EC0C90CA5EB2E9666FF92EF4F11EB3CD94F622CCBD56F773ECBCDE638C9C713B12BB9012E3F9BCF1987FE4CE63CDC05ECB872EC4E0DA6431116759CBD71A59D364F365993B67BD23264F4BD36710E764B364C6F96F3F83FA73A7A3B7BF9FA27F6F2F6B6F332918F6E14D9937F3302EF419C653648F369AB1697F3702536DE37A731EA5E5C85A1101BCC0587CDF97817099B69AF30ED9CEECB96B85C1D915F6C46273CC935BECE85B41E79B40DB8E5FC8944743D8716592493649D36493B3659664965964C4932759D9FA7B7F49D67F49D3DBDB3D20BEE5EC0DCE37AB99276B7C82626D27E97D74E92B82E3C7F926C8721C49C65DC9DDCF97B0C8396E0092F390DB9C7F16E2435E644C464E38CD9006D1B5E23CC61385C436CF1D8B0EC6E73101B6DC45F3B2FE2CEBD263BB675C6CDB2CEBEC9276902313D3273FF877A2FBD1FDEF4C210879B31E7A1CEE879D6D616F4D9A3B07A1E5CCF10C22F4BC57022F315AEF936CAE53C86C4CE087016372CC9BACD807BD4324B325DD0954E2D61B0B9B6016385C864B03C73288BE44BD67E0711D1C74F973F26CE9F6CB27A64F2267C9F2C8FD9D6FE5B3F5B6F7BF9F9F97AD8A17C6F7E6D1CE6E5DD9355BDD973A51290E58BCD8DD837C97649BD1ED1B8B7991CCE2627C3FF6F33EAFA23C47AC69338AEDC2383D96A301EAC3278CF648183D83E10E32D28FF6D6A7F0C67B38D59803A9B74398B398E1F8CDE9DDC8B3EF5936658B3892CB26FB7BD3E5E49A364D8C7F4FD8FC37BDE5F67B0E9DFC9F87A5E2186D1B362D90FB0ADFCAC4E464730DAB5517D41EC7DC904B5B13461E05B873274E6F45EC5863D90F16DBC583EA0DD63933C67F3B7D7F2B060C1B637FCE8F9B1BD1E105FBE9199FC3798FE63C7FB300B2425E36E32D5C21B1DEB3A4DBCE9E527E38EB34E9B08D84C4937DE992E63AE6DE8B8FD3FA7F19FD04BDBD1E178B6FE64DBFF6574D9425C92D16CF2D2CC7606EC70965BE43DB4697C0DE129B593AB2EEAC5E9ECEFC9DF58F8B85AEDE3659586ECC8C58DDF999023E1FEEC98E3237843C6045251968C506BC5B337C26647311F3F3F665E7ACB2CB2C932C9936C99398E92476CC59389B51DFD9FEB3F6C7E9EB7F0F08D26C8EBBFF00CB5B5AB8B01A58B6B1879CB0D5B0406DE9E8FCB170DBCB8DF3EB0FAB9532639062E10649C713B93784FAD9C96FCE96F606B5B517FCB7757F2E1CC71E961F7DDBDB0E70B84962B725AFFB72808F13F5995E7478B811136FE33A0EB3A4E9B2CCEB2CBC6CE226F9249672367FE527F1F3F3B6F4DB86DCA04A9CC8CED703223B6B9927FB6325EB3F1B1B2C1829707B7B032E70C987321365F5F634025C304B1E2778B7F99E76782629B01990581B3927D83EAE4D1E2D9C679C5B69C6DC21BA92CE26C41686E0FF00DBDE65FF00C76DE10EFF009C970043BD4E979BE7E1BF8B2CB3A03A6F7D90CBF8B992CEBD64E2CE81647E03F39FD59F9E7A3A7B7A675CDAB972CFA9D5EAFCC914B25E25F7645CD24A66F3220D4993AD65F251E07CBD3A78F1720973C419ECAF03884E2031D933FC99E32E2E0CB0BC7CB9CD9672C72BFC115E0FDBE17BB3A04663FF0064DDB012BECAC83ADFE2D1D745FF00F60C9A0189810CA21E8FC6759D6DE324CCF59D2793C74C19B324E3F83E77E7E0E9B23F7BFD2DF7F01CCF0591CFE19956D3EC375B78C9E376E55C9CDC89E6DCFA5BCB2BACAEDC042EC867B680D9F65C2CEAE4251A1B79673C75205F1B1A224D767163FF0020B79F27449B09B8B319C0258717A2D967017A9EE933C19FE435419B7F0B539B0B12F9622FD0B965B1EFEF3A7F0F79D675CD9274C932587E5FE825FEDDE9EF6C46E771B4DE6F778D90905CC48A91A675CDBECB85ECB720311E1E2D3CC8DDB62169B1BE370479920E32DB3CFF00FB1A7C960A2D9E187170F9D442E2421DF393C61C858E4F05E906642999A6418EE4BA98E2C392E626730E7CD8015F621CDE72F425C59271B025E8EB38250F16FE3EF59673676FE1F7B6CE27A6667A0FE43F2C59DBFADFDB3D2E4086DA1921D6063030F3174032E59F724C2F0462C8BEA1B55CB96C12DB6E61A1CC84F8B790EFE0796B782D2C55EED5F212EE7328F9241C4AF7194821E2E23673BC59C4B7C19ECD397D3609185DF18D6277EAD0734E0B873F1BC71F24E231AFF238E59B1709BEC5AF979B80B5C8A310BEF5B2EC1673241DBD3F7A67BFE766F53D798CEF63FBC9FCEF6DBD1BCB33E73CDC8DB4F5D38AF42D5AF12CF2C7EF4D67C675BC86439F261C397ECF84FB6FC62FFC4C704A950E2FE03B2E0403960191FE6D1B01CE244F0449E40F8E76F4E2C5E090A1359E73B28C64FCCE1E25109C2C909BC4B3CD7F9635CF4C776E5792C09C03E65A2C87795CB480FD8DC9431D3D646DE779333DE7DEB267A1C5F3A29BF7F076F4B6F4C7E8E9FCECF5B3123688C6736A8D945DB1363D81E8793735BE162E25F938B1836E1C5CA0EDFC490863073E250EC4789CF3C0BC60AE20C24E20781047920FF17F958EA226661F4864F321E724BF23CF213E478B96FF00360A0716BE4B29DB7F991C1273662FFF00047D5C1B695D1BB90C4CB80C20E62D0DB3CE651D15BF9C9FB7CECCB3A59E97259BE76E67961F83CEB27A7F07ED6CFC3D3D832B708D85DFFB65F658CCC5C8949E0DC2C43CEC14470D8DD89F07992E435C93CB16FD7E36F4070961CC80F10893F85020164F926E4F2BDCD4B24E8C9E5D7EA6BF196A30B911BC7A4587106BC5C4F161AE46959393F9649E0E7CF2DD26DFE1700877A17240649337DB93D898D61D8FCFDB3A3D9E22DF64B3A7A499966F367587F497CBE7EDFC3DBD188CD22279E2C14B63979B7E5E9291F5792565ADB4D065E46E4951B24A8BC6C729E8D7213A1904CC200F2E7060C1EACCB2CB3ED9C59D32487A596744B24E2449B52D6D740C9204B645D199603967090642DD48E3925B8B921747DF9D790EC33002FD850E6D32218FCB13D244DC4CF4DF264E98FCE76F4F67F5713F858418696E0E737229D4CC649D4D0CB99F34B5D0C961F267273D0EC72C431C659F49A8E7133A659271649CC448E93A4926C9F24DB27B07BA7A717047B6EE8213270B8325D095E6DBC65824B339B51192C18233ACEFC8ED7F2964924CCFDDBFE3AC8FCBD7C8FED7A25E2C4F36DFF7E4EAF3F831B4E3ECAEB2A33C59E595B478BC5BC5AE2D5996421C3C2C90462224EFED979D66C13EF59275F39E875964FB3D64F33A84B03F2DFE407CF3D2C56548C69E4F243C91F2DA19B69945E570A4F065C221E89FC7C9263F2933D6484F4443DFC8FDB1644F7F7B5E836D0838464CF3E5C12E376E2FFE74D98776397D94D72CE4B17DCB3C1826B0D09F09EDCAA7F216061D04CB23AC2CB2CFCA744DF2645999E999ED3A8E3B2D2589A4E232AF59FCCF0A397FE5CACDB6CE74A62F2D88D8FF0006E31624F645BD676F49785E5F1D333B333F92623AD8DFD11F9FBD31790B7327ADC89742E3D9425D671D37EA4E3CDCC93BE5AE205E3245B512371C2C23B71FA27F29F8B7F13D2C3C74CE3A63CE99E7B2E0788912D14B91864185C2E1BC5BC5C96DCFFB68C48DF52D4767D8F2DB3AD89FC33D3DA4CF93C9B71FBCFE87F474B365BB6236D1640CE5B5B39A13C2E302FAD8E10A0C9CAE41EB030BF856FF003CCB090C791E759BD11D139E44B2C64CF6FDB03A4E3A64B24B789D9BE331D7A661C8AD7620E163687FDE244637E2C2584B0FFAC409E645C8C83975223A67CEDB24FC7C9B3B32DCDA759D9FDC4F4D93D03592F521A5FE2E6125AB3E89767CB2F1D3EDBA4B18971C612C6F29C7332CE10BD2753F3BCDBD65E4D9D3C4CF137CB2CB899E60FBD3703A1C6D5E6F8D9C4F9D5AEC105B9605E1024721B763E4B80B0CB4A7F2D90779BCFF00433ADE999FC333D3723F93B7B7F276BFA66D04EC5A8F8CFF006094D5E6786927D9D797AF12EB3B8406D42C066ED82673F7FC2C821970E838EB63B3ACEF6DEBD74DF6521D267ADB78994E99BD9E9E22F30B6DB45A599A929BC75471082EC05C6ECA392C21D11E9F8C9B65E8E98B2789E9EB2489CE8F459DBFB7A3B5FD1CB241BDA72E765AAEC92EB2C95FC0B1C9964F0865F30E87F1914E366467191D619D3EDBD9F8C91DB53F0C73674CB3D2DAECDF6F92938EDB259E9D6E727A6865BA9B2C066C348388260BB0389DC2CAFAE27E42747E4FCBDBCFE1AEF8D9DE7F4E7F5FD963764C2E51372DC8BEB2D83E260D7882FA5EEE59C5CE93A7F90E82C20EFE4311C97CE86DE9E8F2DE6F5E8EF65FC3D36431EB263F07A7979B7991839691E1B0767B8B7795C9E4E6302CE49F20F16307F9B845A743A3F04F5B1E27B7DB78B649E99F63F19FF85B7A58FF00E43BAB7681526C48906DE120E24889E4EC3CFF008DCE65BDE0639C801047E4E87A21259C9E99EB665E83B3D3DFAB94F4CF4CE83F06C67539B34D1B10B46FFCB902C736022A65C13D803FCCB487A113F8CED897A66C9E09B8C9FF009632C3F1B7DB8FD1FD29F87EDFC33C45C8DEA00D61756CCDB6F565F4DB4A7F0741991242707CB865B0F5990C747E066DB7F0B6F92BD74E766482C99B2776C0EB0927CB9E99BDF60E23BA861C493E466BF2FE2C14B480A5E5C108707DB60742DFC3DE73D93FCF4CF59D3EE4F5BDE7F41FA627A7BFFF00348567F3735BEA04D58C25C40E9B7F9BEC975B6892AC832DE4878E847BD11D1D165E74CCB2CCFC2C49CCD9259D3365925909F3A4999F64E9CB984BD870ACE8B27372173621B876665C49C44816F0ED9F9CFC13DBDB37DDE9CC747791FF0089E737CB75C7DB6B6978F3EDC6C1832C1CB8265A086586617A48AB2CF0866752DF222CEB7B1FCE58E74D931673D333A26659674D90E97AF495B26F32463EC75583841B536D5181988E2FE170A0AC433A6DE3ACFD3D7367E3CE92656C1D7CFCBFD39F87A62D3FE504A5C187F3B31E4CFE62116D093D18616BB61C30E620C1E5CFA1D64164D917DE8C64EC999EB2F965F649209BE5925849333ECFB1C4E733D999E78C258BAE321AEDA8B1CFFF000B971115C0ED8E11F0773FA3EF5C59874DB276CFE09FDE7E3DFE87A04B3772D208CF0CC832787B2FDCE61DC9461CED9756DCFF00B0E0EABA23DE8B7A33AC83AC922DE266C3A6C9E9B38B3A49F3B6421D324E85E2F33388CF7A1827F8861E4F6BD96844845ADE2C7B9FD1F6DBC97B7A5E9839FD4F6FF43DBD1551E933384089CF97F0BC7A10638B0B31C441CB41084447C8B6F7F7F648FC7F32FE37ADCB6F9D37B9B7A7A24EE3AC843D841F166E20E6DCE216761ACB183E58C33A11D7BCFE06F7BF97CEF26E7A6F169FC7E8FD67F53D37C647078920AC6C82F1A741213BF24F8FA43B6CB380178E837A8D8E8E8EC116F5B6E5BD16D3AD89B667B2F41612CFAB62352F66D9D3C4354A2FF0C23BB0892D5B0475BCFF00DB138580320F3ACECBCB3F4DF3B7AD99B61E83F4FE1EBE7ED87B3553E40C4F18963C938CF49566C33648EBBD7C05CF218108FC036DBD37ADE8769AF43BB8616DB8F4DEC631E944E6773D5CE7463CE2B9275678C27CB943458E47E12F3330D8E90E481389809743BDFD79FD39233FADEDFD7D9FC36FEB891BC59D33EDEEF4C73B0D36E5F32D7C6E43887970868871700FC0396DB7FD475232F25E18E31DBE53D643A1F58C709A57A2CF13D07FD5813303CD9C49072F4E638FB1CE0DF6361D672FFCBF8492EF4043DB041BC4C61200BC4941060EDFC25F3F074F4CCCCF5C3F8E8FC11FF873A35B02F2306F594BD6DBFF00F27C5B19907086B009FCDE2DDE618B727A9C598FFAB07D81FCC91F6FF0C1D6C4708FF73AE6D6DF1D1A5F52BA79E8C64419EC05FCEB1FB3F5B25FB2777615ECFF00A825BE35EB1D35BDD99B3C90E2FF00218B024E592E06CF521F2DC8C16F88825FC6FE8E1ED99E9B39FC4FC1FD8F4C7E4EA8398DFE659B7CDB05D97F2B0E471DB947983A5E4888F6385E9D2FAD7A70FB0103F6E67B21E360270C23CF9026B8CF0C7883E6C2C18E82BD6D405C0F481B003CFC80E76FE54A629FBD4E4C61DB287362E796370C28D6CC20B7159AF17A76CC76F111E4B6E704462C208BEC4F5E1F87CB7F4DE33D3D1F8C7AE7A2627FA53B7AF37B3AF34EEA06411ACE9107644597B701D9EE80FB72338FFF002CBECE0C8EF33FC929DE6179B3BF31482893A3594E463D6D501B4CE638F578FB71802E5BDAE59A5192E5BB899A87A3B387DB5E246043CDC971FB6E1D8C36C30E6E1E91CDF3FE41161A91A09083DE7EB3F4F59F8C9ECFE83F47F4B7CB6CAC163ACDE46E1CB9C0EA75245B1C84F40B91B85E648CFBF25D31B9F877F99BF6C196BC5B862D4F036EF5B14E87FE6E41DBFDB6D488D78DC0F334D35B0DE6D4DBD6DCB6536E736F09D40F39305C82DBBAC32E06E04E2759F798690CDB1B06B66757FF00EA4611311FD3E75C4F4B33E7E1FF00DFD113D6E4F5967F5BD6DC3681725C7ECA13C36BD4E72DD86A7414196D8160E6DC1EDAF1705A61715CF704D797438279CF0B10211BD0BC4D9DCB5E19D3BEDAE724BD0FB3387321841CE5C0B1B8C46AE481708FA870380B7C61B6C748E5BFCF718BC713014FB08E8FC647E0BD7AF964F925F2C321D3636744C7E33F3BFA3F609FCFCB37CE37898585B60F2E16F210DB670B10FF009660D98C72F4B93891DB8ED759E32030CFBB7F09EA3848057A67101964581711D06EE0E952E9C861C7932E32F2F8EA3DF1F269C6175759C42CF22B8E660E6C40313C23CA22DD21FE5122CB3FF03EDCBD6693BD3D1B8FE6E263B3A3A63ACEC89E8FD326A3D336BFE74388216EB06222E01875828596BB2837067C4091CF339BEC82E6C1ACE603DB81901B70F5B60CF3249D94CCB8E171354B89D7DB19C2C61B46D180DD87A054CD8802E402F11D0FAE5C193823A98722FF002E4255C0B4D3DCF2C03FE42CFE8F9D36E759C4C7BF86733336FEDB43F4C744C7E799DBD2C42454B8F45AD490363D80B91CB6E0806A08238BE4D1D965AB56DC458B8B48E5A781B06E461CEB3E99C7ADA39D9178B63A4FC41F61B2DB0E51C90F206160B5CB6F6167E6A6485B19B90699BB29797871B87723D5B62B2F613DB8EE25F1B23201F2CE2431EAB02841E8F138847E5FC67E77AF93D3DACF9D17DB8FC6FE9FEE1599361E77A0F1431873BD0719698B0809BDD8C63C805D799E3101AD07EDC786708AC78C921C22F1E43ED8B73960BF2C1788978CB3CB9708C58C73C4032117A17623933A4E217AF53E23211F3ACD46F92C46BCDEBC464C5C57009C5F1A902E7AAE0E6B398B1BCDB7241A59A3D01D5D037895DE789654793DBF8F93E4793F97F1C4CD90E2CFFB0FEB3FA7E59DE7E32C9970250BC165D02F0535123CF43CC70D9063C0BC2F138563170700FE3796345200C0E2E087D2E56F06DC8E653EC2D89EA1F57082CC3CB9A1CD81C3FCF511B8585BE2C538B94C9D7CB08AB8EC683FFC96CAA14B002C0658076E1C6CBD12881E2C3D31AC72DB0915B98CB23F3EFC91C3CFF12863696183FF00DB85AF197397FF00A2C09E78FC3FBF9DE75F3F0D9649789F2DFE87B3FF00026C67900707C763E65489CBFC83027CCB89E82E049C5CC9BC41B978B33E3036CB0240F634C764AE492473620C1A32D3266FF39766351AC8A724838D88E21E213F1238B0DBFC588E0DBFE824F0F197329C19D0BB05C49CC7990A6C886F41BB6F22459B1218C8776C91B390F3F981A3BED96406970789A1E305C4B50E2C03F7F7F396FE5CCEBECE4CB2CDA4759F8CFEA3A7FA5B804DEFC59784FC92193C6D3C12D1609BB2E27030545987F8D81D3927039B35C067DF6D8F37232D3FE240E6F772103847022682085AF102DA1E5CE2555C90012BFF002FF1967CB38D0FE5219DF19E63CDC3A90424EB1869B21164C5F26A1DC731E84F2436121E811A0C8769BC73047802144021A3C5B9A7CAC2E21C44F59D633659F86E72E7F59CF4CCFE0FEAC7AE7F79FBC9B685B8864E0F1FCF46BADBCBC833379B6CEB2DC4658D03D3C4AFFCD897023CF471F91CBCB029FC586C72B8F2E0DA992A883B97041F1283F8968E8C46A0C38EEE8367641EC7F4C2DF379860C4C92F62AF3253C432F101716F1CCC39B9836C2F0847265BFF00C4BBD89CDB40CCE59CF0E2E27FB6A16CC5A7E73A7F2F9D7DEF7F3E267A674FECEB3BDEF3FB18E9015B4348148CDAC8E7AB661B70324DFE1B6B889B4CBF8B4201C917F1620F9737901DB587927AF8C26182C6687DCE847C7BE47A7DB4C79BE5FE8236403FE16181B1F6076210B6B9F7A1C5A65CB3F5131FC4E883C717F974F175148183A788F3DB85CE2C071003C875E3708B6503FE4823B071ACB4FCB3674FE0FBFA64E99EE5C74FECEF3F790FED805B8F3688DA8CB5B19CFB9E92260B87DE8F3C581C70C321D9B65F973797F02F8173874CD189633939875092E72D2564F8BFC589E87C6F4C905306465BD258E61E432E2FE2090DD9F5B01CF97332F9962B8F937841E216419900B82E1D15CC1C5C1ADB1C44083D2CB74DB820C36086C784B422F9F93FA1CD8E9B8EB89EAD8431FD5BFA7F676CDC8E60302CFB186FAE23402CF83DB389D4E6E10E6723765E9F461C40BCC8B09589025C9750F9EF4CDA79134D3701A403C87FD03972691D4B89E48A74A001EE9283859C6785A187D903B212875E2176C9F27FCC73BF95C5B52491ADDB0C8F6C8E8C1DE86711B5AC5B63060E181636F1FA3A67F29DF16D9274CDB1D6FF0056F5BFD674CB8B0D96BFC786D473609C4F2E4658FF0099D65F6B0903FCE254DE5A8472B0C843A599F2F57397A79FCB4F908F10D87920FF00E19353EF43E254D201E793C6362C44D91DE38BDD944FE1EB0E63D46EDF210BA9CD8E37F84522EC5CB386D02A919F0B849A5AB2FA7FB6C742C67823CFDFCB3FAB2F8CFC9F599B3F79D73F8CE8B7F47E726F4B9196926F9004990D1971116793C3A4D5B19F7A29FF006009F4741D1D748A4FF9BE392DF97379106D812CB2B9EDF0B87F3EEC3C4C0080EE73613D0D4B32CFFB0AFCD9EFF2C239C706CD99EB2BF8B7B6FF00889D7F11DC7CD847F04989FCE4E2CE7398838B49AB1C43A862BFC8F9D1FB7ACE8BFEF4F5BDBECCD9F8FBFACB3FF0A4354FCBF3A1EA17116C393840C4759A4F5D3D3033BF23B0164937D48830090116C708462E67537F9850FACA0798859242748A0868FA9B90944129F6D48D320A0E5CD6360582C746B8BC2C98E6D621CB22F5837A584170B88B8FE20E3AE63A4EF3ACFC3EF4F4D9D24CCFBD9F97F7F7A3FADE8D5997FD21BC5063FE493980A047D83A21B320F4B71CE6806FA73287086D2C2405C10A0EEF8DE6C346C686299B806396341D240B81B5221C2F0FC6C13E4E8C663A783B450F4C6CA6749A44972CF372E26E5E588E420962935FE7A1C7739C59244759D3FD01D33D3D33336BFC47475BDBFF0091E8E578B05C580E2DE2E54B6F8C409D125C16F7392E7DE18C9C11137AF1B3667AAB2F4AF367603CEB90A0EC7A6E438103F065E820466E7F9792F070DAD0B899C65A17046AD4659A73EA4712B39688C2799CE2F0B3F88BCB29A20CE483E5CC764475BC779DFCEDE9E9ED9EDCC5F7FA179FFC07796DCF4D748646DC0B19FF0090C3074490A730609305E9E6FCB002F44E970731826310E8CAE266DA47E5B1CC82279884310E6191DAE9E8DEDB13A601FE5621707C8B8CEB211E9B106939B827CB7A877C8400E3A0820900C628FAC66D6D181F9CEB3A67F4F4F6F4DC0FC7C8FC1DEFE77B7A3A2CE8FC68AE4645E1BD0899B41D3191D789B190D2DE48C71083C4FE7CB0B928634673371B49CB7FAC0C136D83FF00C20813715A219011713225996485B84CDCE2386652D339E2DC14F3990E045F0986EDB166E7DB1BE9FE4E73FF00BB1E0E820E60B254831E172800627FF03F87A67BE63FF2FCFD68338DF8CCE2B56C144F286343B1CE9F6491600DC874D9CF05CEE5136EDFEF6C279CAF01C49151FF00962E19792E4AB79B147BCDCF9E2408B4B131AF63EFAE9697AC190B193A7043FE7F2FF4E7C649B011CFE300F06D6057FD85E04206DC9FAFF301903B1C9DCEB5737EC39D97C26458B3ACEFE7E58967F4F5E1D333D676747EB6DFE97A3F0F7ACFB2F52DBE59B2665AC8EF96F49B25A40378847425BE7598702D7A939E3131C447032704747AE246196097B46333F563F98163F98E502365956C3A16613AF6CE720C94EDC0DF66E69AC3F1EC6B3088439B27A1324B65FF0010045E1075CFEB3F0CFEB78B27B61C77F7F5BF92DEF7FA7EFE1086CC97A752F88E3EC639110F5AD97B6590ED796B6DCBA1CD4BFF00A483F9191D3859FD897DBC7B2B1F7B6FA07FCDADED35D81E5B856F1703AC0439B4A11CE81043AC8E940AD964030FA423A68401F97F1F7F2FF43D33ECD96C76FF0069FD59D6F41E727990FB1EB27AF049FC43CF5B0DB6CC21D1CB724F2BD2E25A478C3FFCC9807D84C6C2E836AF6D372889B7243F50FD7C94E0181F5B53D8B45A5B966E41D05E7EE66178B9967590B3A757DC9F3FA1FE97A7F4CDB1EF474F6FF61F97F39D6C479482B7B00E2332535BEC91DE92E9E6E197E2C760896F128208F85C3BB227B727B7936DF06C19D0CF41A5F92BD38C0FA930D7CB10FC2270910E2670B021E424AE616411D1A160BC5A88E32C32CFD87E73B7FA327FA9FF00D19B10BF950617895D80E8987A646E6CCBF922D603CB9124E65F431061CF6F44B9DB71267D970847623BEE32764D3644B72C3AC040CB880D888708865D02394388960D973067E03FAB3FA5E92CF7B6FE0FFCBC764FE21872CD3A3849D0AD8788E86412C0EAEE0B89E8D22811113D9634E2E548B5B962DAD890E65BADF2536D25DF2E280B39706E7603475B96DB96C446430F42D12E0430B88FEA7F474F4F4FBD333631F83FB493F0DB1FD034B30DC2399E83B9F5878B65965971D00C35B82799934071C796246F9708E997D73D9CAB917189DE8F2494E08C64170C63ACEA32E0E8F0E8E50F9289EC89E20DB9A1C49FD0FE5FEC6C92DFF20FD9D9D1FD0F67F5120889D26CF29E0B6C64DB6CAE065B92C066B0BC20C32184670D93CB2580E649EEADBE091C978EB29923AB84170D82024048B0596108EC3C8398F211B8BFA2FD9FEB63A7F7F3A3EC7E5F7F27F637CEF3F2FE0E1B0C07B78B66DB09ABD09B36346645C58904197C91D88BFA467E418B9133811430D7211C438E5C462166B78CDF5648C390B92E73A016DAE83C033B90D93F6F593FA7F1F67B7ACE992C7F8EBDFF00C2FE58FCE73D3D697A58597DB645F3A2713D368DAF45E47520618CA39C46B67445E2F940F10E793CF9273BC5C38B1D23DFF96372C2F93C4709BCBA11CBE4BA7B8BCC47C8CA0D20BC3FAF7B4E99FC366F59F949B7F07E0FC1FDA747E8E9533DB52B1B686259CACCE212FB2B65D8732C6A728C6F49C21C8AF479CB60992CB97AE9F24CE965E4BB597D22CB327256F698B17A823A0F91EC6F65E7B3B3FAF27ACB3B7F39D27E3E7EC8EDFE9CFED53D207709F2C14BB194F3728C4904612FE1B594A1E206C97D9D531250909302FA9783643C311CB9717025B18D41816302458C84447BD39FFE71F67B7BC99FDCFD1F8263B1EB7A63DFD3FD38ECDDCFD85B8E5B304A627F9BFD646C4BEC18731089CB03C640C6D7ED8CF661CCFF002F17363679E78C937D907DBFEE04F61F061CF6C5C5A3DFCA71C9BC47C7A1EE718D9D1F8DFC6DF3FF000EDBD3E7658C7FE37F0FF61D2617A297A7B983A5958486F303C6E57A1B865A3D93F789E77B6A6DAEE5AE5FE2D1ECEA5950090F8C87CD91CA3961E77887BBB2C4F24F2D5DB7896CA84991BD3E7586115721C1FD0DF3F2B3D1FD0F459D1DE75E7E727FA37F27E98ECEF37F29C5842C5BCF661D2B29E582DA5E3620B0FCEF92C59760DB87BA43F92EF31640099F2F99432D41E5919A3429CCF8710CE45E14018131E403E43CF1EDA382D13448F216788ECB725E5070FEB3B7F0FF0056779DBF9DEBD3B3B5EF2E3F593FA3A3F07F4362641EA844043A5CE84A2465020E3064FDB970FF00ED8F164B31B79B0BDC71E8753F1299C47133F6C4E96DF646DB11B0B00E9629D7941708F3F00C03A3FB98E8B67F0DB3F97FA4EB7FA0FF00C2F44DBD389706C36C2DC8ACDE8FDB859D9E24924135E58F66B7A0C2C5E4F6B704364E4F4642D7676F25C5B5BF8847B239690C3F5BF83AD9FC1FD4F69D37CB9FC3FDDBFDC7459CF5EF6BCDC24892E813B2B2B961FC90BD2D8F9261B64D942FA413D86F0CFA6CA12FE372886AF2DB8610FF00134E5E1D0248DBC4059D1FBCFC9D9FB7A2CFCBF8DEF63FB3E7E0FC9FDB9CCDA742731339492E91AC1FBD15B96DE3B0C6FF00F8C9272C5EF33EA65FDB46418D7DE254EC9D0F9EF4139CF4732027C8470B562E7EA387F51FD0FF004B73D3D67E4EF3F7BF927F5BDEF59FB3F19D1EB04A66BD62C1C830B10CB0F60BA83723A61BEE5903904B8E76EE921C5A7427C8639621CC217A8EA400FE927BD8FCBFD0CF4DB3F8CB63A27FB9EC9FCB1FDD1D19761D274C388570436DACB2CB8E9AADCCF129F248818C66C62CB36B98E0897487F0C689782F583F10E61CFF00E69FC3D3F84B3A64E8D7A3B60E98FD131F83F4F6C7E9FC7860C3DB5B33D67303170974194F3D0C384882B38693F0C98122AFF9627450DF2F36775E938F62128E3A1E6E68E41FC9FF0083EFEDFC3DFF00F23A3FB73FF13FA5EBCD8E6E2F456C317C888D2F187AC842611D4A327C26483E4B28B4740710F665DCB38EFC97E2F70D4B59FBDFE83FB5FC33FDCFE0FDBFB3F6B0BBDBD3C27AB1846F8E6223F9861CE9B6475C4D966D964CDC2C7C74B09AE0C6690C6CE8E6275B2976FA3A9E59F919FE83F6CF4FE12C9EDFC6C745EBBD9B6DFED6F9FD2FEFCBF8EAE0ECBCF69A470F7A0F5BD7D819D2F1639B0CB2449B0CA47503E4385AEC4393D29265D8AF4479FD47F4EC3FD2FE59FC113F97F5BFDC7E37B0FC6F4FA8EEC72E0DCA47A3DE3FD3A689D1349129E33795B01B194CFC5B242C16C3CC9C4C483348B862701D81C2F1FF00933F3BF87F19339D9DEFE0EB7BFB3D9FF81EB2D89BDF8973D0EC6D11A39941E6F56373F41D1C7CC8DE9737287210B474B4E83CDF25EFDB694B5639C713A5E6DB1065CDAE9F37B23F0F45AFF41FB7F2C74FE1EB3F5BF827FF0011D6FE5EC77E1EA2C368746A32DB5D678D8BDA124A7D8502E5213B40CF67115A4D5990B248E8EB6E44A3F10DEBA1B390879D47B263F0FF00E17F59DBD8591659FD19CD9FD0F5E747F5BF80C9F3D72B90DA2E9652C615E25F65C90CE6C5B3E36049FF00570FB377B05A25AF3643EC6EDFB1B73B03CC8D0B1EDE38EC07610BE3AE6F6448ECFD3F8E3BDB6DB6DEAFEDBECF6FE0EF7AFBD167FE33FB1727729DD86D8EF56C173411EB52F317565CAE650D66BC2DCF288EE55B5B2F64E1B904ED308766F2FB6DCA10790862F1D3892E6F16FE36DB7ADECFEEDECE99EDEB3F2C7E37FF0019D9D93D1969D2B2ECCF2F5D0112413090F20DE3A31978C84B8B7192F4BCCCF178B76232DE6F6177B4E36B23C740D8E43980C2DFAF4F0B80965CFF00D2F5BFF80FCBD249D1E4FF0058FF0066F6C75BD1F959E8AB2CF9D1BDD9B11B9388EF1025ECB1DEA62693ADB92E1DBBB0B6DB91A8945C637D1A7404B2FF007642E0DCBB1CA16EE5819C7E36DE98ECFCFDFDEDC4DF3FA33F04C7F41FD07E37A5B7B26F916CC62DCCBD2E99EBD0923752DF5F23D0DBCC34C9309978B1C9E2304BCC3C16B17A43CC4230F50C74908DD2D5A8994623A318872C09096EF682792B7ADFC6DBD6FF005B674F49F87ADEB9FD3F8CFE8DB7AE6CE893FCC27B78F6F57F07A7CBD4F9309921C6C3D9BEB2DC1B6C6DA1789E1D08F27A33849B09584438417DB546385BD0D0F407911C744B974E1103219271CC33EDE2E786D20BF8635B41BC87D8F8B6C3304FB041E36FE07ADFD3D1FD596FF67BF8DEB7B6DE7ADE988C72C5F1967D8BDB23C5B2F3DB67A65E27DE93A484C90844F24F99918631EDFF00E0DBC4B21D27388C2D3A612CDD5A96B432E4E8083A0237A897369DBDDC3A2E3108538DCBA01C832CD8FC73CB4D5997196C64BF3C4B18B3F6D73F2DB7ADEF61B7A7F1EF5F7B7A6D3F075F7F2FE77F075BD248DF6D3A399693991F5B04E6D2D80B5916F3D36F4F4936CBAF53CEF4BD8D44AFC5FC16F21495D0B2E6235C5AFBFCC7218F1C41022190645B7D887F99212253061E2FB0F11CBABD464675208FF6F8A539C97CFE7FCC0842D078ECB7B2DEC9EF9FC36FEBF8FCEF5E5B6DB36F7821FA082682F31B6B277633D147EC3E26F63986063A66D9EF6679998998C6E5CFE04BCF6424CE980B1197760C1FFE4BDDE9C83A351E46E4E16F6443A91D90C7F3D2D98D1B952F3BD04386402337D411E7E32803087DA0FA14877ADEF77BFBFAE66F3A26F9F8F5DF1372DBD64B85A07B23ECDE0E520308736C123C3A14B9C5AFACF78732848CB210A89F90211D337CE9E92DD8937A47D65E25907A030F7A713F87DF72446577A1F20E81508F50E24CD871610C9FEDF6CD0822084DCB8474177ADCE9BD9CCBFC13C48B9BC473B09DE56011BB4C37270CBEC619933E6DA42C8008F7B16FEBE4DBD3FAF2DEB7F41EA0CBEADE5C9CBEFC5B5AA038649A5E9CF11CE3C9EA15FCCF342D35848B4B0DCBFF00F6C9E9BD3DE6C985B2E93AD97B480EDB1C487B0E23BE758E790B93D90CE8178C72949EBA4193B2B8590C1A470441EC1990F3B6996CBC96DB7D883C4A438CE01B9C961E565C635D203C960749B80EB6E3202435DD6C1D187A3F1BDEF1FBFE63F3BD6E4272DFE9411CC83BC879988F2B2F230F2DFEB7BF675C987F98F88E7D126996EC88E120F320717C92472FFC64B4DBD7E99E26587648F5EFA325C16B9B944D6CF637C20DE4E963CC4E7143C3AF325F6217DEB8C83C8BC61F3BCB590C243130DC04C70ADFE3E571098B86544DD6C691A3A9D616CC126454E3600F1F250CB13B821FC12EB7FA78FC2C5C4F48055B5179F84F0C8857BD799DE78237990BD5E57ADC42C9BDAF45E6376248C6B1C19B2D0DC79D5781F095D07221DEDB25B8C9E8912CBF8DB916B31241B713D29BE4359334806CB7DA21C8622D3A6F6EC372E238E8396C8C946D26905990E8F491C5B933183027397D67AC396773A4D461367959DE64433684BBC62F72FF00B30397FD87FC4F4EB7ADEF61E898BC8AE5B53C0B6DF5B9CF2D8463C1EDAF2DC59593B2324AF09E4E5BD737BE21F2D752AE6C31BFC4A1C7367344C32A2CF2911B8C40C61B6F93164279CBECCD93C5E2E12DF278869D0FAD9E605C32730591E5E82E0C12B3A16B7AD85C97895BCC5BCDAC5F08EB736F10843A1ECAA4E6FBF2D581FCCF0877A2B6CD4751DD6C0FF32D9595E2DDB7458B2E2E09B0E449031B30DBD776F841E1BE7675BD675CF5B6F10176511DE138810B20C94E7982FE12B65F32B448C59C6CB54C09C499E4653CB93256A3334DBDB9739B28E6482727370061DBEA74D973BD524BD93A67B2F2DDB33FEDBDB71B90BDB41303A09859668432C5886FE1636DB9CCC86C4DE0C36A392195BC43637DCCE2E62CFADFE679C649CDA25E503AFBACE1E218C3E5AD9C41785E3239B94D2F325DF27CB6423CC73B62266FC47E2C7913F2DB7BE266DAF3FC49CE43610EAF9BDB35D971623C271EAD7ADA71016DD58786733457FE691E18CEAE7D6CC8D813563830CCBF37993877895C769D243BFA9799E93B0865AE65A78F1BF988FAD7CDE22063191D06DE63A1871B63D2DE6DE65D13F90F3CC2599898BC058C2C1B5BD0F09006DC9BD40EB64DF93CB00A6FCB9D6DD8E4461C4439FF00566B793CECA8BCC2730E6097896E1237097F9DB1E6310671FCD63F9B0FB0F9D80C081265643C96036E47F3B3921B4FBD1CF5DB12F5627A5C9DC226A0D6E0C656F796FC27593A1B8F761A5AAF2E1EF525893C587A3D7A4EC1859233B6936BBD11007364726790213C2E099B2F90B6C4F56F25C220FB1CB3E4B98F8DF7A0710C1BCC96DE5847FC4842F46C7B6FD5ACC675120196EF07B0CD32795BFE42EC3CC027FCB9FBFCCBC2E12A4328B0F33D657E99CCF996320FB271AC82D535977D878CA3814E4AC9F1BFE568B8CAC8ACF58433C86621D3C2C3ED99C472B6C64096B99E124A831B01377B038B0EEBDA483B2DAE467DBC31BC3D8D593D202E0D809BC4D836E46812DB7ADE84C1DBE4C26DC9BD3D1724608424E6E59A9B3E2193A443D07398721E195B7A8C11CBB0BC2316389396DEAC5C8E5256D65D19688E7E5A046A40636E78429C1FCD97C5BB99631CC716DCE712788335879D6D6641C4BD1F7B1D3624676141243C20E1947D940B95182632CEDA37C49E569AD9DFD96E59173FE489E5C7C6F3C7EC9B1CA5D90DFE261F06D0396F10EC1E5DB66D6E5B2E96E1F92056AEEF4E5578C5D172FB1022E47BF83C25B11391D527EA794C49C42E5B2480DC361C30D935BFC20E789DCC386CE8CAF5A730C4806DB671106D971D879CB388E947DB18D1DB843C4ADD99BCB1EEF4F9D805ADC273987D5FC3660F368CCD8E1EF450BA5B0B83D8D6DC9843FDE80C71784E61E1BD18864F2BD25CDBA970D762927EFE75424B6F3786C64B8491036E39466939ACB3FEA587BC59631CBB39E411C3969B62D9CD4B470CB9CDA32C1C366E1E7EF46C6644C92713D2F26122CE826CE20E905842C9871939C956705C0C34D8BDE23F994442387C839DEAF10F12845A84EAF1F594B0CB6E493A0C1ADB9F25EA4F44DE6FFF0012378652087FB27AC1B492E637F0BC24CE7D9C1ADA72E96719612C2E12388FFB70C251184F37F35A9BB03A35633553CB1FB6E691E3605A364E2C41565C716BB78BC9A196F139F274B3CB5BCE36EDFCA1F1DE6350848E275678806E164E64125E45C220C78837326EF9DBC0348758626C993A127368B19986E19897A697AB9CC9A973CC73B85C9E4DF2F486166EC110730E32E1783FCBFD62E0B444B8461EDF2DADE47B3AD8483EAF10F11AFE0CB01BD5F4CBA8820FE2474E65DCDF93C12C388409688C7A3395BC5F1069716E4978875D44F65CC36CB86CBDE9A081CB17084B8433AB03CB78816EEDE1B1EFA0642F4172CFD7AFFB673B2DE67316C0725CC70ECE27DB84E5C4DF7D9604F92272E6E7A92E4424DDFE0FC8728F1CF41175867AC32196104F397D1FC0BA2F4BFE67FCF4E1F2E6F27A3A12B23A0190E6E49F842CE222E33958513C16A3E7E64FBBBEF456F3F7A255B8C7F9D9E08D9B9720BE5EA0D367E36BDD9F25B55939F6E0CB06327935F67986C11C466F25AF1EDAE2E4DEDA5208A1D9610FAB984F10638CA0F18741CB65E49725C11AEDE9979CBD385C9F6003D365985ADA7999C58E848DD9E53EEC6138C29AEC30571818C9815E6E5F6084B5DBCFC84CC678863943DE4965926326F4624CF74794FE0184E5662B272C7A8808308D08E9B0C63AAFC2F19E57BF2C73B613896B722E7D9011920D8E9B840604D47D91CD848EFF00F2639CE6CE2EC0296B79B39B0E1939DB94DDFF00E2C762FF00FEAD2EB0F1870C96510C3C5ABFFFC4001F1001000202030101010100000000000000010011400210302050038012FFDA0008010200010200C7736AA527DBAA4F8958E992FF0053DDDDDDDDDDDCBBF94AB76AAB777777FE86F10C755BBB8CBF626C3F22D57CBD62382E32AE0D88FC55570C9AA3F0D57A5EC11304C0631579B97CBD8421F058CD9C7210F80C57A5EF219B7C318AF6BD64210EF3BD8C63D4F710F80C63D4C7DD555554210CF6317A293D1D2433D8C7C9E5E1EE219EC63D8F921D1AC219EC7B1F35D04219CCDA3E8F4F27590866DAED1E1F070F87939BE2EE1C104EB7058B6AF0F37777771E48CBBBBBB830E04C4AE2B97963C3D070F247A087243298F16F59C3C91E821C90EB7018F0F87D9E1E5F44392103298F0F501CBE1F24210E080771EEBCA274579BBF55C9C1081DC76B118C638A782019A88C631C438210819ACD8631C621C0066B3618C718840D4EE70188888E21084D40ED709949B0E21081A9F0F611C3213503B9E4C24D870C84D0308C266E31C226A07C07CED18E11340F8AC63864D2186773C3CB18E1134F266BE19B470C9A619DEF866D1C22134F84F16AAAB824268DFC062ABB2AB1C226BB1B8D9C5761DEAAAC631C31113637D770AAEB3DD4AAAAAADC6318C702EF9BB11FCC39AE6BD1EAAA82AB8ADB56318C7A2FB89A9A0794AF678A0AAAAAAAAA4FD75631E1C627E5A1D155E1843800AAAAAE2B84DB5D8631C627E7A01D4895180001C557457EBA2318989A6BA8421D6888001DC9FAE8C631387003F2D21087B3CD4218089FA68C44AA4EFF00CB421C1DCC21829B6BFA7E49C25276069F90185FFFC400221000020202010403010000000000000000011140215000809060310270411210FFDA0008010200033F00E8F03BBD70A174D1AE40DCFBE5EB3F38561EBB46B3846839D3FC7394E73989ACAD02A7AB98ACE0185A454A65E09D892CAD410C1AB11DEA0CE118474FA98DF670C3D823BF9F11079313FFC4001E10010001050101010100000000000000000102001020304050038060FFDA0008010300010100F68FEF1FD7801EA001A15F280362BE4113234ABE307149F14333649F0C81C8C9F040E564F7811D06E93E011341BA4F8044E75F0089CECACF6047406E64F70474005D5C993DC06800BAE89F7044D4175CD9F79135112CB9B37B88982D1602969B166A4BD6511282968B812B297557AC28283029A02462D375E92060582CB45120C15B153E93E7B5A010C15B15F4E93E7899B60B175A6C54FAA06205D6C162EAE137A423800596E5CBAADE7D644C002968302EAAD49EB028B006C695699F691B80606A55A5ED22140166E685564F6846802EE0192AC9F0022006058C5559780511002E014E0AB37C20886A30559BE1900C8D0AC9F04B110C40D0BF47C58C4C428306966F8611886F59BE114110C8D0B37C5881919AB37C00A000DEB37C000000DAAC97BC00A028313255593B9D2DE001458A31315557E8F236708C40A0A031325A566E0686EAE61F2000000D4B4BF65CCD0BA4231002E069557EAAE80C15D61F2280B00695B4E6BB0A57601F2000A034AAFDD77BB8A2300000032697EABC0EF023000002C62BF55783FFC4001E10010001050101010100000000000000000102403050201000700360FFDA0008010300020200F8CBF343E6A7032678C90046308C4000C59184620782318C71918170818802F81870A28948D00146182029430406643A51982336549FD3000071720F000F3892880F19231251AB8F5D17CBD762B40B2717A001D02AC226A46110F06801A044AA00B8ADD30CEAAE44E050AB54B6DA26AD6C0000000586B15B0044000B0D6AD5AD6AD955BCD7B715B6AD72AEC6ADA5C02BB010FCE310DD706BB2CA72577708BAB7DC2B6000365CD39056C3ABC5E3C5CE3FDC34205216DA6003AD0460158BE02982308ABE7CD0AC95A9007AB7D94A4AAB7000B6CB55B6CE4AAAACAE85C9EEAEEB27CAF978C9A99B695E2C9B2F964F1A494AE2ACA4DD59AF968A6DF68566AAAAADAFD5C12CA6F15555757F65A1FFC400221000020202020203010100000000000000011100405021306070102012029080FFDA0008010300033F00FE3B9861CC0F90F6B1AF9DFA58A700A4B10E2A6E2C338BBB38BFC11BF2AEFBC6FA81C7830403E0E8388DB781DE7379C66DAC021758BEF1820E642FB175F8601E90E1873020820820E258679CDD5423386DF8377DE37DE1C59F579DE00561C0417756E1FD174C0F44F13D1B8F429A8F911701D8B5F514D427996AC8FC86632CD3741EAC7D8A184463ACB430C46C462A2D0A9FFFD9,446375427,'Yes'),('D2025-000002','Juan','Carlos','Santos',39,'1234','2025-03-15','Male','Makati, Metro Manila','09171234567',NULL,NULL,'No'),('D2025-000003','Jose','Isabel','Dela Cruz',40,'5678','2025-04-03','Female','Quezon Ave., Quezon City','09281234567',NULL,NULL,'No'),('D2025-000004','Aeyc','Luis','Winn',20,'2345','2025-05-10','Male','Matina, Davao City','09361234567',NULL,NULL,'Yes'),('D2025-000005','Brandon','Emilio','Ababa',25,'4321','2025-04-11','Male','Pasig, Metro Manila','09451234567',NULL,NULL,'No'),('D2025-000006','Rafael','Leafar','Ababa',22,'2349','2025-04-18','Male','Sampaloc, Manila','09321234567',NULL,NULL,'Yes'),('D2025-000007','Clareynz','June','Masudog',21,'6789','2025-03-30','Female','Mandug, Davao City','09131234567',NULL,NULL,'Yes'),('D2025-000008','Nica','Acin','Espantalion',20,'5679','2025-05-05','Female','Buhangin, Davao City','09421234567',NULL,NULL,'Yes'),('D2025-000009','Joshua','Auhsoj','Bongo',30,'3458','2025-04-25','Female','Roxas Avenue Davao City','09221234567',NULL,NULL,'Yes');
/*!40000 ALTER TABLE `doctor_tbl` ENABLE KEYS */;
UNLOCK TABLES;

--
-- Table structure for table `operation_tbl`
--

DROP TABLE IF EXISTS `operation_tbl`;
/*!40101 SET @saved_cs_client     = @@character_set_client */;
/*!50503 SET character_set_client = utf8mb4 */;
CREATE TABLE `operation_tbl` (
  `operationCode` varchar(10) NOT NULL,
  `operationName` varchar(25) NOT NULL,
  `DateAdded` date NOT NULL,
  `Description` varchar(300) NOT NULL,
  `Price` decimal(12,2) NOT NULL,
  `Duration` time NOT NULL,
  `roomtype` varchar(45) NOT NULL,
  PRIMARY KEY (`operationCode`),
  UNIQUE KEY `operationName_UNIQUE` (`operationName`),
  KEY `roomtype_idx` (`roomtype`),
  CONSTRAINT `roomtyp` FOREIGN KEY (`roomtype`) REFERENCES `roomtype_tbl` (`Roomtype`) ON DELETE CASCADE ON UPDATE CASCADE
) ENGINE=InnoDB DEFAULT CHARSET=utf8mb4 COLLATE=utf8mb4_0900_ai_ci;
/*!40101 SET character_set_client = @saved_cs_client */;

--
-- Dumping data for table `operation_tbl`
--

LOCK TABLES `operation_tbl` WRITE;
/*!40000 ALTER TABLE `operation_tbl` DISABLE KEYS */;
INSERT INTO `operation_tbl` VALUES ('BP102','Blood Pressure','2025-03-16','Routine blood pressure check for hypertension monitoring.',1000.00,'00:30:00','Examination Room'),('BT101','Diagnostic Blood Test','2025-04-10','Blood test for routine health screening and early detection of conditions.',2500.00,'01:00:00','Laboratory Room'),('CK101','Check-Up','2025-04-05','General health assessment including blood pressure and heart rate checks.',1500.00,'01:30:00','Examination Room'),('DC100','Dental Cleaning','2025-04-30','Cleaning of teeth, removal of plaque, tartar, and stains.',2000.00,'01:45:00','Dental Room'),('EE101','Eye Examination','2025-04-22','Comprehensive eye exam to assess vision and eye health.',2200.00,'01:40:00','Imaging Room'),('MSB1001','Minor Skin Biopsy','2025-05-17','Removing a small sample of skin tissue for diagnostic testing.',3500.00,'00:45:00','Treatment Room'),('MWD102','Minor Wound Dressing','2025-04-14','Cleaning and dressing minor wounds or cuts.',1800.00,'00:45:00','Treatment Room'),('RCT101','Root Canal Treatment ','2025-03-30','Removal of infected pulp from inside the tooth, followed by cleaning, filling, and sealing the root canals.',3500.00,'01:00:00','Dental Room'),('UA501','Urine Analysis','2025-04-01','Testing urine sample for signs of infection, dehydration, or other conditions.',1600.00,'01:10:00','Laboratory Room'),('VCT102','Vaccination','2025-05-12','Administering vaccines for flu, tetanus, or other preventive care.',1200.00,'00:30:00','Examination Room'),('XR301','X-ray','2025-05-11','A chest X-ray to evaluate the lungs and heart for possible diseases.',3000.00,'00:30:00','Imaging Room');
/*!40000 ALTER TABLE `operation_tbl` ENABLE KEYS */;
UNLOCK TABLES;

--
-- Table structure for table `patient_tbl`
--

DROP TABLE IF EXISTS `patient_tbl`;
/*!40101 SET @saved_cs_client     = @@character_set_client */;
/*!50503 SET character_set_client = utf8mb4 */;
CREATE TABLE `patient_tbl` (
  `patientId` varchar(100) NOT NULL,
  `patientfirstname` varchar(100) NOT NULL,
  `patientmiddlename` varchar(100) NOT NULL,
  `patientlastname` varchar(100) NOT NULL,
  `address` varchar(200) NOT NULL,
  `gender` varchar(10) NOT NULL,
  `birthdate` date NOT NULL,
  `contactnumber` varchar(11) DEFAULT NULL,
  `Age` int DEFAULT NULL,
  PRIMARY KEY (`patientId`),
  CONSTRAINT `patient_tbl_chk_1` CHECK (((length(`contactnumber`) = 11) and (`contactnumber` like _utf8mb4'09%'))),
  CONSTRAINT `patient_tbl_chk_2` CHECK (((`gender` = _utf8mb4'Male') or (`gender` = _utf8mb4'Female'))),
  CONSTRAINT `pchAge` CHECK (((`age` >= 0) and (`age` < 120)))
) ENGINE=InnoDB DEFAULT CHARSET=utf8mb4 COLLATE=utf8mb4_0900_ai_ci;
/*!40101 SET character_set_client = @saved_cs_client */;

--
-- Dumping data for table `patient_tbl`
--

LOCK TABLES `patient_tbl` WRITE;
/*!40000 ALTER TABLE `patient_tbl` DISABLE KEYS */;
INSERT INTO `patient_tbl` VALUES ('P2025-000001','Jake','Ekaj','Maunas','Mandug	','Male','2002-07-19',NULL,22),('P2025-000002','Aeyc','C','Win','Tagum','Female','2001-11-15','09751179873',23),('P2025-000003','Ivan','Navi','Sayson','Mandug	','Male','2001-03-15','09779853222',24),('P2025-000004','Julie','Eli','Winn','Matina','Female','2000-03-09','09771165659',25);
/*!40000 ALTER TABLE `patient_tbl` ENABLE KEYS */;
UNLOCK TABLES;

--
-- Table structure for table `patientappointment_tbl`
--

DROP TABLE IF EXISTS `patientappointment_tbl`;
/*!40101 SET @saved_cs_client     = @@character_set_client */;
/*!50503 SET character_set_client = utf8mb4 */;
CREATE TABLE `patientappointment_tbl` (
  `AppointmentDetailNo` bigint NOT NULL AUTO_INCREMENT,
  `AppointmentRecordNo` bigint NOT NULL,
  `RoomNo` bigint NOT NULL,
  `OperationCode` varchar(10) NOT NULL,
  `DoctorID` varchar(50) NOT NULL,
  `StartSchedule` datetime NOT NULL,
  `EndSchedule` datetime NOT NULL,
  `Status` varchar(45) NOT NULL DEFAULT 'Upcoming',
  KEY `a_idx` (`RoomNo`),
  KEY `appontmentid_idx` (`AppointmentDetailNo`),
  KEY `doctorid` (`DoctorID`),
  KEY `operat_idx` (`OperationCode`),
  KEY `sabdasc_idx` (`AppointmentRecordNo`),
  CONSTRAINT `appontmentid` FOREIGN KEY (`AppointmentDetailNo`) REFERENCES `appointmentdetails_tbl` (`AppointmentDetailNo`) ON UPDATE CASCADE,
  CONSTRAINT `asd` FOREIGN KEY (`RoomNo`) REFERENCES `rooms_tbl` (`RoomNo`) ON UPDATE CASCADE,
  CONSTRAINT `doctorid` FOREIGN KEY (`DoctorID`) REFERENCES `doctor_operation_mm_tbl` (`doctorId`),
  CONSTRAINT `operat` FOREIGN KEY (`OperationCode`) REFERENCES `doctor_operation_mm_tbl` (`operationCode`) ON UPDATE CASCADE,
  CONSTRAINT `sabdasc` FOREIGN KEY (`AppointmentRecordNo`) REFERENCES `appointmentrecord_tbl` (`AppointmentRecordNo`) ON UPDATE CASCADE
) ENGINE=InnoDB AUTO_INCREMENT=8 DEFAULT CHARSET=utf8mb4 COLLATE=utf8mb4_0900_ai_ci;
/*!40101 SET character_set_client = @saved_cs_client */;

--
-- Dumping data for table `patientappointment_tbl`
--

LOCK TABLES `patientappointment_tbl` WRITE;
/*!40000 ALTER TABLE `patientappointment_tbl` DISABLE KEYS */;
INSERT INTO `patientappointment_tbl` VALUES (1,1,101,'BP102','D2025-000001','2025-05-25 09:30:00','2025-05-25 10:00:00','Upcoming'),(2,1,201,'BT101','D2025-000001','2025-04-15 10:30:00','2025-04-15 11:30:00','Upcoming'),(3,2,504,'DC100','D2025-000007','2025-04-26 11:00:00','2025-04-26 12:30:00','Upcoming'),(4,2,103,'CK101','D2025-000007','2025-05-24 14:30:00','2025-05-24 16:00:00','Upcoming'),(5,3,402,'MWD102','D2025-000009','2025-05-24 11:30:00','2025-05-24 12:15:00','Upcoming'),(6,4,401,'MSB1001','D2025-000008','2025-05-28 09:30:00','2025-05-28 10:15:00','Upcoming'),(7,4,201,'BT101','D2025-000001','2025-05-24 17:30:00','2025-05-24 18:30:00','Upcoming');
/*!40000 ALTER TABLE `patientappointment_tbl` ENABLE KEYS */;
UNLOCK TABLES;

--
-- Table structure for table `rooms_tbl`
--

DROP TABLE IF EXISTS `rooms_tbl`;
/*!40101 SET @saved_cs_client     = @@character_set_client */;
/*!50503 SET character_set_client = utf8mb4 */;
CREATE TABLE `rooms_tbl` (
  `RoomNo` bigint NOT NULL,
  `RoomType` varchar(45) NOT NULL DEFAULT 'General',
  PRIMARY KEY (`RoomNo`),
  KEY `dfg_idx` (`RoomType`),
  CONSTRAINT `dfg` FOREIGN KEY (`RoomType`) REFERENCES `roomtype_tbl` (`Roomtype`) ON DELETE CASCADE ON UPDATE CASCADE
) ENGINE=InnoDB DEFAULT CHARSET=utf8mb4 COLLATE=utf8mb4_0900_ai_ci;
/*!40101 SET character_set_client = @saved_cs_client */;

--
-- Dumping data for table `rooms_tbl`
--

LOCK TABLES `rooms_tbl` WRITE;
/*!40000 ALTER TABLE `rooms_tbl` DISABLE KEYS */;
INSERT INTO `rooms_tbl` VALUES (503,'Dental Room'),(504,'Dental Room'),(101,'Examination Room'),(103,'Examination Room'),(301,'Imaging Room'),(201,'Laboratory Room'),(401,'Treatment Room'),(402,'Treatment Room');
/*!40000 ALTER TABLE `rooms_tbl` ENABLE KEYS */;
UNLOCK TABLES;

--
-- Table structure for table `roomtype_tbl`
--

DROP TABLE IF EXISTS `roomtype_tbl`;
/*!40101 SET @saved_cs_client     = @@character_set_client */;
/*!50503 SET character_set_client = utf8mb4 */;
CREATE TABLE `roomtype_tbl` (
  `Roomtype` varchar(45) NOT NULL,
  `RoomDescription` varchar(200) DEFAULT NULL,
  PRIMARY KEY (`Roomtype`)
) ENGINE=InnoDB DEFAULT CHARSET=utf8mb4 COLLATE=utf8mb4_0900_ai_ci;
/*!40101 SET character_set_client = @saved_cs_client */;

--
-- Dumping data for table `roomtype_tbl`
--

LOCK TABLES `roomtype_tbl` WRITE;
/*!40000 ALTER TABLE `roomtype_tbl` DISABLE KEYS */;
INSERT INTO `roomtype_tbl` VALUES ('Dental Room','Used for dental treatment room is the type of room needed for dental procedures,'),('Examination Room','The examination room in a clinic is a versatile space used primarily for routine check-ups, diagnostic assessments, consultations, and minor procedures.'),('Imaging Room','Used for diagnostic imaging, such as X-rays, ultrasounds, or CT scans.'),('Laboratory Room','For conducting diagnostic tests, such as blood work, urine tests, and microbiological studies.'),('Treatment Room','Used for administering therapies like IV treatments, injections, wound care, or other forms of treatment.');
/*!40000 ALTER TABLE `roomtype_tbl` ENABLE KEYS */;
UNLOCK TABLES;

--
-- Table structure for table `staff_tbl`
--

DROP TABLE IF EXISTS `staff_tbl`;
/*!40101 SET @saved_cs_client     = @@character_set_client */;
/*!50503 SET character_set_client = utf8mb4 */;
CREATE TABLE `staff_tbl` (
  `StaffID` bigint NOT NULL AUTO_INCREMENT,
  `Username` varchar(45) NOT NULL,
  `Password` varchar(45) NOT NULL,
  `FirstName` varchar(45) DEFAULT NULL,
  `MiddleName` varchar(45) DEFAULT NULL,
  `LastName` varchar(45) DEFAULT NULL,
  `Age` int DEFAULT NULL,
  `Address` varchar(150) DEFAULT NULL,
  PRIMARY KEY (`StaffID`),
  UNIQUE KEY `Username_UNIQUE` (`Username`),
  CONSTRAINT `staff_tbl_chk_1` CHECK ((`age` > 0))
) ENGINE=InnoDB AUTO_INCREMENT=3 DEFAULT CHARSET=utf8mb4 COLLATE=utf8mb4_0900_ai_ci;
/*!40101 SET character_set_client = @saved_cs_client */;

--
-- Dumping data for table `staff_tbl`
--

LOCK TABLES `staff_tbl` WRITE;
/*!40000 ALTER TABLE `staff_tbl` DISABLE KEYS */;
INSERT INTO `staff_tbl` VALUES (1,'Rafeala','12345','Rafeala','Rafeala','Ababa',21,'Davao City'),(2,'admin','admin',NULL,NULL,NULL,NULL,NULL);
/*!40000 ALTER TABLE `staff_tbl` ENABLE KEYS */;
UNLOCK TABLES;

--
-- Dumping routines for database 'clinic'
--
/*!40103 SET TIME_ZONE=@OLD_TIME_ZONE */;

/*!40101 SET SQL_MODE=@OLD_SQL_MODE */;
/*!40014 SET FOREIGN_KEY_CHECKS=@OLD_FOREIGN_KEY_CHECKS */;
/*!40014 SET UNIQUE_CHECKS=@OLD_UNIQUE_CHECKS */;
/*!40101 SET CHARACTER_SET_CLIENT=@OLD_CHARACTER_SET_CLIENT */;
/*!40101 SET CHARACTER_SET_RESULTS=@OLD_CHARACTER_SET_RESULTS */;
/*!40101 SET COLLATION_CONNECTION=@OLD_COLLATION_CONNECTION */;
/*!40111 SET SQL_NOTES=@OLD_SQL_NOTES */;

-- Dump completed on 2025-05-24 10:42:03
